update,mode,archive_filled,buffer_size,mean_regret_candidates,valid_fraction,mean_buffer_score,time_s
0,new,10,96,0.0000,0.750,0.0000,12.69
1,new,14,160,0.0000,0.750,0.0000,2.93
2,new,20,224,0.0000,0.938,0.0000,2.45
3,new,24,288,0.0000,0.812,0.0000,2.44
4,new,27,352,0.0000,0.812,0.0000,2.44
5,new,28,416,0.0000,0.750,0.0000,2.44
6,new,29,480,0.0000,0.875,0.0000,2.43
7,new,30,544,0.0000,0.938,0.0000,2.45
8,new,33,608,0.0000,0.875,0.0000,2.46
9,new,35,672,0.0000,0.938,0.0000,2.47
10,new,36,736,0.0000,0.688,0.0000,2.46
11,new,37,800,0.0000,0.875,0.0000,2.46
12,new,37,864,0.0000,0.812,0.0000,2.47
13,new,37,928,0.0000,0.688,0.0000,2.65
14,new,37,992,0.0000,0.938,0.0000,2.46
15,new,37,1056,0.0000,0.875,0.0000,2.46
16,new,37,1120,0.0000,0.875,0.0000,2.46
17,new,38,1184,0.0000,0.812,0.0000,2.46
18,new,38,1248,0.0000,0.812,0.0000,2.47
19,new,39,1312,0.0000,0.875,0.0000,2.46
20,new,39,1376,0.0000,0.875,0.0000,2.46
21,new,39,1440,0.0000,0.688,0.0000,2.46
22,new,39,1504,0.0000,0.750,0.0000,2.46
23,new,39,1568,0.0000,0.812,0.0000,2.46
24,new,39,1632,0.0000,0.750,0.0000,2.46
25,new,39,1696,0.0000,0.875,0.0000,2.46
26,new,39,1760,0.0000,0.625,0.0000,2.47
27,new,39,1824,0.0000,0.875,0.0000,2.66
28,new,39,1888,0.0000,0.750,0.0000,2.46
29,new,39,1952,0.0000,0.812,0.0000,2.46
30,new,39,2016,0.0000,0.812,0.0000,2.46
31,replay,39,2016,-0.0781,1.000,0.0005,9.51
32,mutate,39,2080,0.0000,0.719,0.0005,2.49
33,replay,39,2080,0.4725,1.000,0.0015,0.70
34,mutate,39,2144,0.0000,0.125,0.0015,2.46
35,replay,39,2144,0.6202,1.000,0.0044,0.60
36,mutate,39,2208,0.0000,0.156,0.0043,2.46
37,replay,39,2208,0.5427,1.000,0.0051,0.60
38,mutate,39,2272,0.0000,0.562,0.0050,2.46
39,replay,39,2272,0.4189,1.000,0.0054,0.60
40,mutate,39,2336,0.0000,0.250,0.0052,2.46
41,replay,39,2336,0.3697,1.000,0.0054,0.84
42,mutate,39,2400,0.0000,0.188,0.0052,2.46
43,replay,39,2400,0.2246,1.000,0.0050,0.59
44,mutate,39,2464,0.0000,0.219,0.0048,2.46
45,replay,39,2464,0.4305,1.000,0.0055,0.59
46,mutate,39,2528,0.0000,0.438,0.0053,2.46
47,replay,39,2528,0.5027,1.000,0.0056,0.60
48,mutate,39,2592,0.0000,0.062,0.0054,2.46
49,new,39,2656,0.0000,0.875,0.0053,2.46
50,replay,39,2656,0.4225,1.000,0.0058,0.59
51,mutate,39,2720,0.0000,0.062,0.0057,2.46
52,replay,39,2720,0.1641,1.000,0.0059,0.59
53,mutate,39,2784,0.1264,0.219,0.0061,2.45
54,new,39,2848,0.0000,0.875,0.0059,2.47
55,replay,39,2848,-0.0239,1.000,0.0058,0.59
56,mutate,40,2912,0.0000,0.625,0.0056,2.46
57,replay,40,2912,0.4040,1.000,0.0053,0.59
58,mutate,40,2976,0.0000,0.719,0.0052,2.46
59,replay,40,2976,0.4362,1.000,0.0055,0.60
60,mutate,41,3040,0.0000,0.750,0.0053,2.46
61,new,41,3104,0.0000,0.812,0.0052,2.46
62,replay,41,3104,0.5672,1.000,0.0061,0.59
63,mutate,41,3168,0.0502,0.500,0.0062,2.46
64,replay,41,3168,0.3508,1.000,0.0059,0.60
65,mutate,41,3232,0.1199,0.188,0.0060,2.46
66,replay,41,3232,0.2738,1.000,0.0063,0.59
67,mutate,41,3296,0.0000,0.594,0.0062,2.46
68,replay,41,3296,0.4113,1.000,0.0066,0.59
69,mutate,41,3360,0.1101,0.469,0.0070,2.77
70,replay,41,3360,0.1575,1.000,0.0072,0.59
71,mutate,41,3424,0.0921,0.562,0.0075,2.46
72,replay,41,3424,0.0629,1.000,0.0073,0.59
73,mutate,41,3488,0.0000,0.531,0.0072,2.46
74,replay,41,3488,0.3065,1.000,0.0070,0.59
75,mutate,41,3552,0.0000,0.156,0.0068,2.52
76,replay,41,3552,-0.0563,1.000,0.0065,0.59
77,mutate,41,3616,0.0366,0.719,0.0066,2.46
78,replay,41,3616,0.0665,1.000,0.0068,0.59
79,mutate,42,3680,0.0433,0.594,0.0069,2.46
80,replay,42,3680,0.2126,1.000,0.0080,0.59
81,mutate,43,3744,0.0000,0.500,0.0079,2.46
82,replay,43,3744,0.4229,1.000,0.0090,0.59
83,mutate,43,3808,0.0000,0.188,0.0088,2.46
84,replay,43,3808,0.4862,1.000,0.0093,0.59
85,mutate,43,3872,0.1684,0.469,0.0098,2.46
86,replay,43,3872,0.0959,1.000,0.0104,0.59
87,mutate,43,3936,0.0514,0.500,0.0104,2.46
88,replay,43,3936,0.1465,1.000,0.0106,0.59
89,mutate,43,4000,0.1100,0.469,0.0108,2.46
90,replay,43,4000,0.1996,1.000,0.0108,0.59
91,mutate,43,4000,0.0000,0.656,0.0108,2.46
92,replay,43,4000,0.1410,1.000,0.0109,0.59
93,mutate,43,4000,0.1467,0.531,0.0115,2.46
94,replay,43,4000,0.0557,1.000,0.0116,0.59
95,mutate,43,4000,0.0327,0.781,0.0118,2.46
96,replay,43,4000,0.1217,1.000,0.0113,0.59
97,mutate,43,4000,0.0000,0.844,0.0113,2.45
98,replay,43,4000,0.3900,1.000,0.0115,0.59
99,mutate,43,4000,0.0000,0.156,0.0115,2.46
100,replay,43,4000,0.3477,1.000,0.0119,0.59
101,mutate,43,4000,0.0000,0.094,0.0120,2.46
102,replay,43,4000,0.4617,1.000,0.0132,0.59
103,mutate,43,4000,0.0000,0.125,0.0133,2.46
104,replay,43,4000,0.3779,1.000,0.0133,0.97
105,mutate,43,4000,0.0000,0.125,0.0133,2.46
106,new,43,4000,0.0000,0.750,0.0133,2.47
107,replay,43,4000,0.2289,1.000,0.0131,0.60
108,mutate,43,4000,0.0788,0.656,0.0136,2.46
109,replay,43,4000,-0.0921,1.000,0.0132,0.59
110,mutate,43,4000,0.2420,0.656,0.0147,2.46
111,replay,43,4000,0.2069,1.000,0.0157,0.59
112,mutate,43,4000,0.0781,0.688,0.0162,2.46
113,replay,43,4000,0.5168,1.000,0.0164,0.60
114,mutate,43,4000,0.0489,0.469,0.0166,2.46
115,replay,43,4000,0.0467,1.000,0.0167,0.60
116,mutate,43,4000,0.2123,0.625,0.0179,2.46
117,replay,43,4000,0.0452,1.000,0.0180,0.59
118,mutate,43,4000,0.0000,0.531,0.0180,2.46
119,replay,43,4000,0.1368,1.000,0.0183,0.59
120,mutate,43,4000,0.1369,0.562,0.0188,2.46
121,new,43,4000,0.0000,0.688,0.0188,2.47
122,replay,43,4000,0.1217,1.000,0.0195,0.59
123,mutate,43,4000,0.1148,0.688,0.0202,2.46
124,replay,43,4000,0.3325,1.000,0.0205,0.59
125,mutate,43,4000,0.0835,0.312,0.0208,2.46
126,replay,43,4000,-0.0248,1.000,0.0203,0.59
127,mutate,43,4000,0.1743,0.750,0.0216,2.46
128,replay,43,4000,0.1012,1.000,0.0221,0.59
129,mutate,43,4000,0.0448,0.562,0.0223,2.46
130,replay,43,4000,0.0660,1.000,0.0222,0.60
131,mutate,43,4000,0.0988,0.781,0.0229,2.46
132,replay,43,4000,0.1719,1.000,0.0233,0.59
133,mutate,43,4000,0.2523,0.594,0.0245,2.46
134,new,43,4000,0.0000,0.625,0.0245,2.47
135,replay,43,4000,0.0093,1.000,0.0243,0.60
136,mutate,43,4000,0.1233,0.625,0.0249,2.47
137,replay,43,4000,0.0672,1.000,0.0254,0.59
138,mutate,43,4000,0.1937,0.812,0.0263,2.46
139,replay,43,4000,0.0852,1.000,0.0264,0.59
140,mutate,43,4000,0.1519,0.688,0.0272,2.46
141,replay,43,4000,0.2552,1.000,0.0277,0.60
142,mutate,43,4000,0.0000,0.719,0.0277,2.92
143,replay,43,4000,0.3577,1.000,0.0281,0.59
144,mutate,43,4000,0.0446,0.562,0.0283,2.46
145,replay,43,4000,0.0646,1.000,0.0285,0.59
146,mutate,43,4000,0.0898,0.562,0.0290,2.47
147,replay,43,4000,0.1606,1.000,0.0295,0.60
148,mutate,43,4000,0.1135,0.438,0.0300,2.46
149,replay,43,4000,0.0983,1.000,0.0300,0.60
150,mutate,43,4000,0.1895,0.625,0.0311,2.47
151,new,43,4000,0.0000,0.750,0.0311,2.46
152,new,43,4000,0.0000,0.625,0.0311,2.47
153,replay,43,4000,0.1724,1.000,0.0316,0.60
154,mutate,43,4000,0.1887,0.500,0.0322,2.46
155,new,43,4000,0.0513,0.875,0.0323,2.46
156,replay,43,4000,0.3855,1.000,0.0323,0.59
157,mutate,43,4000,0.2465,0.094,0.0324,2.47
158,replay,43,4000,0.0951,1.000,0.0325,0.60
159,mutate,43,4000,0.1943,0.719,0.0334,2.46
160,replay,43,4000,0.1802,1.000,0.0340,0.59
161,mutate,43,4000,0.1328,0.688,0.0345,2.46
162,replay,43,4000,0.1847,1.000,0.0349,0.59
163,mutate,43,4000,0.0000,0.750,0.0349,2.46
164,replay,43,4000,0.0917,1.000,0.0352,0.59
165,mutate,43,4000,0.0854,0.781,0.0354,2.47
166,new,43,4000,0.1085,0.750,0.0354,2.47
167,replay,43,4000,0.2397,1.000,0.0357,0.60
168,mutate,43,4000,0.1045,0.844,0.0359,2.47
169,new,43,4000,0.0571,0.688,0.0359,2.46
170,replay,43,4000,0.5311,1.000,0.0365,0.60
171,mutate,43,4000,0.0000,0.406,0.0365,2.46
172,replay,43,4000,0.2160,1.000,0.0369,0.59
173,mutate,43,4000,0.1478,0.562,0.0371,2.46
174,replay,43,4000,0.2234,1.000,0.0377,0.59
175,mutate,44,4000,0.1395,0.594,0.0379,2.46
176,replay,44,4000,0.4512,1.000,0.0382,0.59
177,mutate,44,4000,0.0000,0.000,0.0383,2.47
178,replay,44,4000,0.2599,1.000,0.0387,0.59
179,mutate,44,4000,0.0000,0.594,0.0387,2.47
180,replay,44,4000,0.1156,1.000,0.0387,0.60
181,mutate,44,4000,0.0000,0.625,0.0387,2.46
182,replay,44,4000,0.2977,1.000,0.0387,0.60
183,mutate,44,4000,0.0000,0.156,0.0387,2.46
184,new,44,4000,0.0000,0.875,0.0387,2.47
185,replay,44,4000,0.2125,1.000,0.0389,0.60
186,mutate,44,4000,0.1181,0.625,0.0391,3.01
187,replay,44,4000,0.3137,1.000,0.0394,0.59
188,mutate,44,4000,0.0000,0.094,0.0394,2.46
189,replay,44,4000,0.3392,1.000,0.0395,0.59
190,mutate,44,4000,0.0000,0.062,0.0395,2.46
191,replay,44,4000,0.2380,1.000,0.0392,0.60
192,mutate,44,4000,0.0000,0.188,0.0392,2.46
193,replay,44,4000,0.2362,1.000,0.0390,0.59
194,mutate,44,4000,0.0000,0.094,0.0390,2.47
195,new,44,4000,0.0456,0.750,0.0392,2.47
196,replay,44,4000,0.1809,1.000,0.0392,0.59
197,mutate,45,4000,0.0446,0.750,0.0392,2.46
198,replay,45,4000,0.0222,1.000,0.0385,0.60
199,mutate,45,4000,0.1085,0.656,0.0386,2.46
200,replay,45,4000,0.2568,1.000,0.0384,0.59
201,mutate,45,4000,0.0000,0.094,0.0384,2.46
202,new,45,4000,0.0393,0.875,0.0384,2.47
203,replay,45,4000,0.2537,1.000,0.0380,0.59
204,mutate,45,4000,0.0000,0.094,0.0380,2.46
205,replay,45,4000,0.1926,1.000,0.0376,0.60
206,mutate,45,4000,0.0000,0.156,0.0376,2.46
207,replay,45,4000,0.1963,1.000,0.0372,0.60
208,mutate,45,4000,0.0000,0.188,0.0372,2.46
209,replay,45,4000,-0.1726,1.000,0.0364,0.60
210,mutate,45,4000,0.0147,0.688,0.0365,2.46
211,replay,45,4000,0.0706,1.000,0.0372,0.59
212,mutate,45,4000,0.0286,0.594,0.0372,2.47
213,replay,45,4000,0.0003,1.000,0.0376,0.59
214,mutate,45,4000,0.0280,0.594,0.0378,2.47
215,replay,45,4000,0.1927,1.000,0.0375,0.60
216,mutate,45,4000,0.0000,0.031,0.0375,2.47
217,replay,45,4000,0.1164,1.000,0.0382,0.59
218,mutate,45,4000,0.1833,0.344,0.0383,2.46
219,replay,45,4000,0.2164,1.000,0.0382,0.59
220,mutate,45,4000,0.0000,0.062,0.0382,2.47
221,replay,45,4000,-0.0851,1.000,0.0375,0.60
222,mutate,45,4000,0.0658,0.719,0.0377,2.46
223,replay,45,4000,0.3076,1.000,0.0380,0.59
224,mutate,45,4000,0.0000,0.156,0.0380,2.46
225,replay,45,4000,0.1418,1.000,0.0379,0.60
226,mutate,45,4000,0.0000,0.094,0.0379,2.46
227,new,45,4000,0.0000,0.812,0.0379,2.47
228,new,45,4000,0.0000,0.812,0.0379,2.47
229,replay,45,4000,0.2495,1.000,0.0379,0.60
230,mutate,45,4000,0.0000,0.094,0.0379,2.47
231,replay,45,4000,0.2121,1.000,0.0387,0.60
232,mutate,45,4000,0.0000,0.062,0.0387,2.47
233,replay,45,4000,0.1951,1.000,0.0388,0.60
234,mutate,45,4000,0.0000,0.000,0.0388,2.47
235,replay,45,4000,0.1569,1.000,0.0384,0.59
236,mutate,46,4000,0.0000,0.094,0.0384,3.11
237,replay,46,4000,0.1171,1.000,0.0383,0.59
238,mutate,46,4000,0.0159,0.594,0.0383,2.47
239,new,46,4000,0.0000,0.688,0.0383,2.47
240,replay,46,4000,0.0542,1.000,0.0378,0.60
241,mutate,46,4000,0.0000,0.125,0.0378,2.46
242,new,46,4000,0.0094,0.562,0.0378,2.46
243,replay,46,4000,0.0363,1.000,0.0374,0.60
244,mutate,46,4000,0.0000,0.500,0.0374,2.46
245,replay,46,4000,0.3286,1.000,0.0374,0.59
246,mutate,46,4000,0.0000,0.219,0.0374,2.46
247,replay,46,4000,-0.0108,1.000,0.0367,0.59
248,mutate,46,4000,0.0777,0.656,0.0367,2.46
249,new,46,4000,0.0000,0.688,0.0367,2.47
250,replay,46,4000,0.0326,1.000,0.0365,0.60
251,mutate,46,4000,0.0000,0.094,0.0365,2.47
252,replay,46,4000,0.0341,1.000,0.0361,0.60
253,mutate,46,4000,0.0000,0.156,0.0361,2.46
254,replay,46,4000,0.3025,1.000,0.0362,0.59
255,mutate,46,4000,0.0000,0.500,0.0362,2.47
256,new,46,4000,0.0102,0.688,0.0362,2.47
257,replay,46,4000,0.1247,1.000,0.0358,0.60
258,mutate,46,4000,0.0386,0.125,0.0358,2.47
259,new,46,4000,0.0278,0.688,0.0358,2.47
260,new,46,4000,0.0000,0.812,0.0358,2.47
261,replay,46,4000,0.0658,1.000,0.0355,0.60
262,mutate,46,4000,0.0000,0.094,0.0355,2.47
263,replay,46,4000,0.0677,1.000,0.0348,0.59
264,mutate,46,4000,0.0750,0.156,0.0348,2.47
265,replay,46,4000,0.1992,1.000,0.0343,0.60
266,mutate,46,4000,0.0000,0.500,0.0343,2.47
267,new,46,4000,0.0000,0.750,0.0343,2.47
268,replay,46,4000,0.1790,1.000,0.0340,0.59
269,mutate,46,4000,0.0000,0.031,0.0340,2.47
270,replay,46,4000,-0.0961,1.000,0.0325,0.60
271,mutate,46,4000,0.0555,0.156,0.0326,2.47
272,replay,46,4000,-0.0087,1.000,0.0314,0.60
273,mutate,46,4000,0.0000,0.188,0.0314,2.47
274,replay,46,4000,0.0632,1.000,0.0311,0.60
275,mutate,46,4000,0.0000,0.062,0.0311,2.47
276,replay,46,4000,-0.0406,1.000,0.0305,0.60
277,mutate,46,4000,0.0000,0.156,0.0305,2.47
278,replay,46,4000,-0.2074,1.000,0.0300,0.60
279,mutate,46,4000,0.0191,0.750,0.0302,2.46
280,replay,46,4000,0.1393,1.000,0.0297,0.60
281,mutate,46,4000,0.0000,0.031,0.0298,2.46
282,replay,46,4000,0.0223,1.000,0.0297,0.59
283,mutate,46,4000,0.0000,0.062,0.0297,2.46
284,new,46,4000,0.0356,0.688,0.0298,2.47
285,replay,46,4000,0.1263,1.000,0.0296,0.60
286,mutate,46,4000,0.0000,0.500,0.0296,2.47
287,new,46,4000,0.0000,0.812,0.0296,2.47
288,new,46,4000,0.0231,0.875,0.0296,2.47
289,replay,46,4000,0.2183,1.000,0.0292,0.60
290,mutate,46,4000,0.0789,0.312,0.0293,2.47
291,replay,46,4000,0.0914,1.000,0.0293,1.37
292,mutate,46,4000,0.0000,0.156,0.0293,2.47
293,new,46,4000,-0.0035,0.688,0.0293,2.47
294,new,46,4000,0.0000,0.688,0.0293,2.47
295,replay,46,4000,0.0347,1.000,0.0286,0.60
296,mutate,46,4000,0.0000,0.094,0.0286,2.47
297,replay,46,4000,0.0495,1.000,0.0282,0.60
298,mutate,46,4000,0.0000,0.375,0.0282,2.46
299,replay,46,4000,0.0425,1.000,0.0278,0.60
300,mutate,46,4000,0.0000,0.156,0.0278,2.46
301,replay,46,4000,0.0830,1.000,0.0278,0.60
302,mutate,46,4000,0.0000,0.156,0.0278,2.47
303,replay,46,4000,0.1823,1.000,0.0276,0.60
304,mutate,46,4000,0.0000,0.656,0.0276,2.46
305,new,46,4000,0.0000,0.750,0.0276,2.47
306,new,46,4000,0.0507,0.688,0.0277,2.47
307,replay,46,4000,0.0898,1.000,0.0276,0.60
308,mutate,46,4000,0.0569,0.156,0.0277,2.47
309,replay,46,4000,0.4296,1.000,0.0276,0.60
310,mutate,46,4000,0.0000,0.562,0.0277,2.47
311,replay,46,4000,0.2474,1.000,0.0274,0.60
312,mutate,46,4000,0.2359,0.562,0.0276,2.47
313,replay,46,4000,0.1246,1.000,0.0277,0.59
314,mutate,46,4000,0.0000,0.094,0.0277,2.47
315,replay,46,4000,0.2216,1.000,0.0272,0.59
316,mutate,46,4000,0.0000,0.000,0.0272,2.46
317,replay,46,4000,-0.0276,1.000,0.0268,0.59
318,mutate,46,4000,0.0000,0.438,0.0268,2.46
319,new,46,4000,0.0272,0.875,0.0269,2.47
320,replay,46,4000,0.0397,1.000,0.0266,0.60
321,mutate,46,4000,0.0000,0.188,0.0266,2.47
322,replay,46,4000,0.0853,1.000,0.0268,0.60
323,mutate,46,4000,0.0000,0.219,0.0268,2.47
324,replay,46,4000,0.0940,1.000,0.0272,0.60
325,mutate,46,4000,0.0000,0.094,0.0272,2.47
326,new,46,4000,0.0232,0.938,0.0273,2.46
327,new,46,4000,0.0000,0.875,0.0273,2.47
328,replay,46,4000,0.0361,1.000,0.0267,0.60
329,mutate,46,4000,0.0000,0.062,0.0267,2.47
330,replay,46,4000,0.2220,1.000,0.0265,0.60
331,mutate,46,4000,0.0801,0.188,0.0266,2.47
332,replay,46,4000,-0.0023,1.000,0.0261,0.60
333,mutate,46,4000,0.0000,0.094,0.0261,2.46
334,replay,46,4000,0.0582,1.000,0.0258,0.60
335,mutate,46,4000,0.0000,0.094,0.0258,2.47
336,replay,46,4000,0.2305,1.000,0.0252,0.60
337,mutate,46,4000,0.1811,0.438,0.0252,2.47
338,new,46,4000,0.0000,0.688,0.0252,2.48
339,replay,46,4000,0.0747,1.000,0.0250,0.60
340,mutate,46,4000,0.0000,0.188,0.0250,2.47
341,new,46,4000,0.0000,0.688,0.0250,2.47
342,replay,46,4000,0.3883,1.000,0.0250,0.60
343,mutate,46,4000,0.0176,0.625,0.0251,2.47
344,replay,46,4000,0.0465,1.000,0.0249,0.60
345,mutate,46,4000,0.0000,0.188,0.0249,2.47
346,replay,46,4000,0.0617,1.000,0.0245,0.60
347,mutate,46,4000,0.0690,0.438,0.0246,2.47
348,replay,46,4000,0.1728,1.000,0.0244,0.59
349,mutate,46,4000,0.0557,0.281,0.0246,2.47
350,replay,46,4000,0.0080,1.000,0.0243,0.60
351,mutate,46,4000,0.0000,0.125,0.0243,2.47
352,new,46,4000,0.0521,0.688,0.0245,2.46
353,replay,46,4000,0.0506,1.000,0.0241,0.60
354,mutate,46,4000,0.0000,0.125,0.0241,3.38
355,replay,46,4000,-0.0043,1.000,0.0239,0.60
356,mutate,46,4000,0.0000,0.062,0.0239,2.47
357,replay,46,4000,0.1156,1.000,0.0237,0.60
358,mutate,46,4000,0.0000,0.500,0.0238,2.46
359,replay,46,4000,0.0999,1.000,0.0234,0.60
360,mutate,46,4000,0.0000,0.688,0.0234,2.47
361,replay,46,4000,0.4580,1.000,0.0231,0.60
362,mutate,46,4000,0.0869,0.531,0.0234,2.47
363,replay,46,4000,0.0235,1.000,0.0233,0.60
364,mutate,46,4000,0.0000,0.094,0.0233,2.47
365,replay,46,4000,0.0191,1.000,0.0232,0.60
366,mutate,46,4000,0.2187,0.062,0.0233,2.47
367,replay,46,4000,0.0038,1.000,0.0230,0.59
368,mutate,46,4000,0.0577,0.188,0.0230,2.46
369,replay,46,4000,-0.0192,1.000,0.0225,0.59
370,mutate,46,4000,0.0000,0.156,0.0225,2.46
371,replay,46,4000,0.0304,1.000,0.0222,0.60
372,mutate,46,4000,0.0000,0.094,0.0222,2.47
373,replay,46,4000,0.0131,1.000,0.0221,0.60
374,mutate,46,4000,0.0000,0.062,0.0221,2.47
375,new,46,4000,0.0000,0.875,0.0221,2.47
376,new,46,4000,0.0701,0.812,0.0222,2.47
377,replay,46,4000,-0.0159,1.000,0.0216,0.60
378,mutate,46,4000,0.1562,0.188,0.0217,2.47
379,replay,46,4000,0.0826,1.000,0.0210,0.60
380,mutate,46,4000,0.0444,0.344,0.0212,2.47
381,replay,46,4000,0.0170,1.000,0.0208,0.60
382,mutate,46,4000,0.0000,0.656,0.0209,2.47
383,new,46,4000,0.0000,0.750,0.0209,2.47
384,replay,46,4000,0.0986,1.000,0.0212,0.60
385,mutate,46,4000,0.0000,0.250,0.0212,2.47
386,replay,46,4000,0.2949,1.000,0.0215,0.60
387,mutate,46,4000,0.1371,0.656,0.0218,2.47
388,new,46,4000,0.0000,0.875,0.0218,2.47
389,replay,46,4000,0.2847,1.000,0.0212,0.60
390,mutate,46,4000,0.0000,0.594,0.0212,2.47
391,replay,46,4000,0.0106,1.000,0.0206,0.60
392,mutate,46,4000,0.0000,0.031,0.0206,2.47
393,replay,46,4000,-0.0081,1.000,0.0200,0.60
394,mutate,46,4000,0.0000,0.062,0.0200,2.47
395,new,46,4000,0.0457,0.875,0.0201,2.47
396,replay,46,4000,0.1898,1.000,0.0197,0.60
397,mutate,46,4000,0.1761,0.594,0.0199,2.47
398,replay,46,4000,-0.0613,1.000,0.0199,0.60
399,mutate,46,4000,0.0198,0.625,0.0200,2.47
400,new,46,4000,0.0805,0.875,0.0202,2.47
401,new,46,4000,0.0757,0.812,0.0204,2.47
402,replay,46,4000,-0.1111,1.000,0.0201,0.60
403,mutate,46,4000,0.0224,0.750,0.0203,2.47
404,replay,46,4000,0.0642,1.000,0.0201,0.59
405,mutate,46,4000,0.0377,0.781,0.0204,2.47
406,replay,46,4000,0.2931,1.000,0.0202,0.60
407,mutate,46,4000,0.1142,0.656,0.0208,2.47
408,replay,46,4000,0.2220,1.000,0.0206,0.60
409,mutate,47,4000,0.0658,0.938,0.0209,2.47
410,new,47,4000,0.0502,0.688,0.0211,2.47
411,new,48,4000,0.1967,0.812,0.0215,2.47
412,replay,48,4000,0.3008,1.000,0.0216,0.60
413,mutate,48,4000,0.0752,0.688,0.0217,2.47
414,replay,48,4000,0.1273,1.000,0.0214,0.59
415,mutate,48,4000,0.0793,0.594,0.0219,2.47
416,replay,48,4000,0.1959,1.000,0.0219,0.60
417,mutate,48,4000,0.0954,0.500,0.0222,2.47
418,new,48,4000,0.0217,0.750,0.0223,2.47
419,replay,48,4000,0.0165,1.000,0.0220,0.60
420,mutate,48,4000,0.0000,0.062,0.0220,2.47
421,replay,48,4000,-0.0106,1.000,0.0214,0.60
422,mutate,48,4000,0.0000,0.031,0.0214,2.47
423,replay,48,4000,0.0887,1.000,0.0212,0.60
424,mutate,48,4000,0.0000,0.562,0.0212,2.47
425,replay,48,4000,0.2755,1.000,0.0211,0.60
426,mutate,48,4000,0.0010,0.688,0.0211,2.47
427,replay,48,4000,0.2144,1.000,0.0207,1.64
428,mutate,48,4000,0.1357,0.656,0.0208,2.47
429,replay,48,4000,0.2640,1.000,0.0206,0.60
430,mutate,48,4000,0.0562,0.656,0.0206,2.47
431,replay,48,4000,0.0065,1.000,0.0199,0.60
432,mutate,48,4000,0.0000,0.125,0.0199,2.47
433,replay,48,4000,-0.2924,1.000,0.0195,0.60
434,mutate,48,4000,0.0000,0.469,0.0196,2.47
435,replay,48,4000,0.0025,1.000,0.0192,0.60
436,mutate,48,4000,0.0000,0.094,0.0192,2.47
437,replay,48,4000,-0.0940,1.000,0.0189,0.60
438,mutate,48,4000,0.0000,0.781,0.0189,2.47
439,replay,48,4000,0.0053,1.000,0.0187,0.60
440,mutate,48,4000,0.0000,0.031,0.0187,2.47
441,replay,48,4000,0.3164,1.000,0.0184,0.60
442,mutate,48,4000,0.1578,0.594,0.0190,2.47
443,replay,48,4000,0.3231,1.000,0.0189,0.60
444,mutate,48,4000,0.0660,0.531,0.0190,2.47
445,new,48,4000,0.0000,0.750,0.0190,2.47
446,new,48,4000,0.0027,0.938,0.0190,2.47
447,replay,48,4000,-0.0227,1.000,0.0188,0.60
448,mutate,48,4000,0.0000,0.281,0.0188,2.47
449,replay,48,4000,0.2387,1.000,0.0179,0.60
450,mutate,48,4000,0.0997,0.281,0.0180,2.47
451,replay,48,4000,-0.1961,1.000,0.0174,0.60
452,mutate,48,4000,0.0506,0.625,0.0178,2.46
453,replay,48,4000,-0.0944,1.000,0.0174,0.59
454,mutate,48,4000,0.0756,0.312,0.0176,2.46
455,replay,48,4000,0.4357,1.000,0.0177,0.60
456,mutate,48,4000,0.0568,0.406,0.0177,2.47
457,replay,48,4000,0.3763,1.000,0.0179,0.60
458,mutate,48,4000,0.0230,0.531,0.0180,2.47
459,replay,48,4000,0.2974,1.000,0.0177,0.60
460,mutate,48,4000,0.0256,0.719,0.0177,2.47
461,replay,48,4000,0.1321,1.000,0.0173,0.60
462,mutate,48,4000,0.0154,0.656,0.0173,2.47
463,new,48,4000,0.0065,1.000,0.0173,2.47
464,replay,48,4000,0.1935,1.000,0.0170,0.60
465,mutate,48,4000,0.0161,0.656,0.0171,2.47
466,replay,48,4000,0.0808,1.000,0.0162,0.60
467,mutate,48,4000,0.0834,0.281,0.0163,2.47
468,replay,48,4000,0.1170,1.000,0.0157,0.60
469,mutate,48,4000,0.0000,0.094,0.0157,2.47
470,replay,48,4000,0.1859,1.000,0.0151,0.60
471,mutate,48,4000,0.0782,0.594,0.0152,2.47
472,replay,48,4000,0.1753,1.000,0.0148,0.60
473,mutate,48,4000,0.0442,0.500,0.0148,2.48
474,replay,48,4000,-0.0003,1.000,0.0138,0.60
475,mutate,48,4000,0.0000,0.188,0.0138,2.47
476,replay,48,4000,0.0230,1.000,0.0135,0.60
477,mutate,48,4000,0.0794,0.125,0.0135,2.47
478,replay,48,4000,0.1262,1.000,0.0133,0.60
479,mutate,48,4000,0.0000,0.781,0.0133,2.47
480,replay,48,4000,0.1260,1.000,0.0128,0.60
481,mutate,48,4000,0.0474,0.781,0.0130,2.46
482,replay,48,4000,0.1181,1.000,0.0124,0.60
483,mutate,48,4000,0.0223,0.500,0.0124,2.47
484,replay,48,4000,0.0972,1.000,0.0119,0.60
485,mutate,48,4000,0.0166,0.500,0.0119,2.47
486,replay,48,4000,-0.0069,1.000,0.0114,0.60
487,mutate,48,4000,0.0203,0.594,0.0115,2.46
488,replay,48,4000,-0.0098,1.000,0.0110,0.60
489,mutate,48,4000,0.0000,0.062,0.0110,2.47
490,replay,48,4000,0.0988,1.000,0.0109,0.60
491,mutate,48,4000,0.0000,0.562,0.0109,2.46
492,replay,48,4000,0.1978,1.000,0.0107,0.60
493,mutate,48,4000,0.0119,0.625,0.0107,2.47
494,new,48,4000,0.0047,0.875,0.0107,2.47
495,new,48,4000,0.0299,0.750,0.0107,2.47
496,replay,48,4000,0.2277,1.000,0.0106,0.59
497,mutate,48,4000,0.0000,0.688,0.0106,2.47
498,replay,48,4000,0.3419,1.000,0.0108,0.60
499,mutate,48,4000,0.0072,0.500,0.0108,2.47
500,replay,48,4000,0.2200,1.000,0.0102,0.60
501,mutate,48,4000,0.0324,0.438,0.0103,2.47
502,replay,48,4000,0.0796,1.000,0.0096,0.60
503,mutate,48,4000,0.0030,0.750,0.0096,2.47
504,new,48,4000,0.0305,0.750,0.0096,2.47
505,replay,48,4000,-0.0982,1.000,0.0093,0.60
506,mutate,48,4000,0.0083,0.688,0.0094,2.47
507,new,48,4000,0.0188,0.875,0.0094,2.47
508,replay,48,4000,0.0602,1.000,0.0091,0.60
509,mutate,48,4000,0.0000,0.219,0.0091,2.47
510,replay,48,4000,0.1561,1.000,0.0091,0.60
511,mutate,48,4000,0.0227,0.688,0.0091,3.67
512,replay,48,4000,0.0300,1.000,0.0088,0.60
513,mutate,48,4000,0.0265,0.750,0.0088,2.47
514,new,48,4000,0.0077,0.875,0.0088,2.47
515,new,48,4000,0.0054,0.562,0.0088,2.47
516,replay,48,4000,0.1588,1.000,0.0085,0.60
517,mutate,48,4000,0.0764,0.625,0.0086,2.47
518,replay,48,4000,0.2985,1.000,0.0088,0.60
519,mutate,48,4000,0.0444,0.750,0.0089,2.46
520,replay,48,4000,0.2514,1.000,0.0089,0.60
521,mutate,48,4000,0.0000,0.562,0.0089,2.47
522,replay,48,4000,0.2563,1.000,0.0087,0.60
523,mutate,48,4000,0.0000,0.500,0.0087,2.47
524,new,48,4000,0.0000,0.688,0.0087,2.47
525,replay,48,4000,0.0627,1.000,0.0083,0.60
526,mutate,48,4000,0.0125,0.188,0.0083,2.47
527,replay,48,4000,0.0609,1.000,0.0075,0.60
528,mutate,48,4000,0.0200,0.438,0.0076,2.48
529,replay,48,4000,-0.0499,1.000,0.0074,0.60
530,mutate,48,4000,0.0000,0.562,0.0075,2.47
531,new,48,4000,0.0000,0.750,0.0075,2.47
532,new,48,4000,0.0383,1.000,0.0076,2.47
533,new,48,4000,0.0167,0.688,0.0076,2.47
534,replay,48,4000,0.1077,1.000,0.0072,0.60
535,mutate,48,4000,0.1425,0.406,0.0073,2.46
536,replay,48,4000,0.0185,1.000,0.0071,0.60
537,mutate,48,4000,0.0155,0.750,0.0072,2.47
538,new,48,4000,0.0000,0.625,0.0072,2.47
539,new,48,4000,0.0438,1.000,0.0075,2.47
540,replay,48,4000,-0.0615,1.000,0.0075,0.60
541,mutate,48,4000,0.0123,0.781,0.0077,2.68
542,new,48,4000,0.0388,0.812,0.0078,2.47
543,replay,48,4000,0.2702,1.000,0.0078,0.60
544,mutate,48,4000,0.0448,0.688,0.0081,2.47
545,replay,48,4000,0.4281,1.000,0.0080,0.60
546,mutate,48,4000,0.0464,0.625,0.0082,2.47
547,replay,48,4000,0.3533,1.000,0.0086,0.60
548,mutate,48,4000,0.0143,0.781,0.0086,2.47
549,replay,48,4000,0.0737,1.000,0.0086,0.60
550,mutate,48,4000,0.0457,0.812,0.0086,2.47
551,replay,48,4000,0.2381,1.000,0.0087,0.59
552,mutate,48,4000,0.0721,0.781,0.0089,2.47
553,replay,48,4000,-0.1299,1.000,0.0086,0.60
554,mutate,48,4000,0.0486,0.750,0.0089,2.47
555,replay,48,4000,0.1894,1.000,0.0084,0.60
556,mutate,48,4000,0.1475,0.406,0.0087,2.47
557,replay,48,4000,0.0582,1.000,0.0085,0.60
558,mutate,48,4000,0.0186,0.312,0.0086,2.47
559,replay,48,4000,0.0739,1.000,0.0084,0.60
560,mutate,48,4000,0.0668,0.469,0.0085,2.47
561,replay,48,4000,-0.0586,1.000,0.0082,0.60
562,mutate,48,4000,0.0425,0.406,0.0083,2.46
563,replay,48,4000,0.0342,1.000,0.0078,0.60
564,mutate,48,4000,0.0149,0.156,0.0078,2.47
565,replay,48,4000,0.0304,1.000,0.0076,0.60
566,mutate,48,4000,0.1518,0.188,0.0079,2.47
567,replay,48,4000,0.0842,1.000,0.0077,0.60
568,mutate,48,4000,0.0373,0.406,0.0078,2.47
569,replay,48,4000,0.1652,1.000,0.0083,0.60
570,mutate,48,4000,0.0402,0.750,0.0085,2.47
571,new,48,4000,0.0000,0.750,0.0085,2.47
572,new,48,4000,0.1325,0.812,0.0092,2.47
573,replay,48,4000,0.4193,1.000,0.0093,0.60
574,mutate,48,4000,0.0442,0.562,0.0095,2.47
575,replay,48,4000,0.2298,1.000,0.0093,0.61
576,mutate,48,4000,0.1422,0.750,0.0095,2.48
577,replay,48,4000,0.3141,1.000,0.0094,0.60
578,mutate,48,4000,0.0669,0.688,0.0095,2.47
579,replay,48,4000,0.0811,1.000,0.0094,0.60
580,mutate,48,4000,0.0545,0.781,0.0094,2.47
581,replay,48,4000,0.2097,1.000,0.0091,0.60
582,mutate,48,4000,0.1122,0.531,0.0091,2.47
583,replay,48,4000,-0.3458,1.000,0.0080,0.60
584,mutate,48,4000,0.0493,0.656,0.0081,2.48
585,replay,48,4000,0.0504,1.000,0.0079,0.60
586,mutate,48,4000,0.0000,0.312,0.0079,2.47
587,replay,48,4000,-0.0373,1.000,0.0074,0.60
588,mutate,48,4000,0.0000,0.062,0.0074,2.47
589,replay,48,4000,0.0560,1.000,0.0075,0.60
590,mutate,48,4000,0.0369,0.344,0.0076,2.47
591,replay,48,4000,-0.0767,1.000,0.0072,0.60
592,mutate,48,4000,0.0451,0.406,0.0075,2.46
593,replay,48,4000,0.0895,1.000,0.0073,0.60
594,mutate,48,4000,0.0498,0.469,0.0073,2.47
595,replay,48,4000,0.2596,1.000,0.0072,0.60
596,mutate,48,4000,0.0797,0.625,0.0077,2.47
597,replay,48,4000,0.3040,1.000,0.0078,0.60
598,mutate,48,4000,0.1009,0.500,0.0078,2.47
599,replay,48,4000,0.2447,1.000,0.0075,0.59
600,mutate,48,4000,0.0833,0.656,0.0076,2.44
601,replay,48,4000,0.0836,1.000,0.0074,0.60
602,mutate,48,4000,0.0749,0.812,0.0074,2.47
603,replay,48,4000,0.0081,1.000,0.0070,0.60
604,mutate,48,4000,0.0708,0.406,0.0072,2.47
605,new,48,4000,0.0236,0.938,0.0072,3.85
606,replay,48,4000,0.1542,1.000,0.0069,0.60
607,mutate,48,4000,0.0929,0.719,0.0069,2.47
608,replay,48,4000,0.0612,1.000,0.0066,0.60
609,mutate,48,4000,0.0281,0.562,0.0068,2.47
610,replay,48,4000,-0.0163,1.000,0.0064,0.60
611,mutate,48,4000,0.0786,0.125,0.0065,2.47
612,replay,48,4000,0.3110,1.000,0.0065,0.60
613,mutate,48,4000,0.0930,0.812,0.0066,2.47
614,new,48,4000,0.0556,0.812,0.0066,2.47
615,replay,48,4000,0.2258,1.000,0.0067,0.60
616,mutate,48,4000,0.0568,0.688,0.0067,2.47
617,replay,48,4000,0.2208,1.000,0.0066,0.60
618,mutate,48,4000,0.0519,0.781,0.0067,2.45
619,replay,48,4000,0.0028,1.000,0.0066,0.59
620,mutate,48,4000,0.0528,0.281,0.0066,2.47
621,replay,48,4000,0.1731,1.000,0.0060,0.60
622,mutate,48,4000,0.1122,0.750,0.0060,2.47
623,replay,48,4000,-0.1832,1.000,0.0054,0.60
624,mutate,48,4000,0.0476,0.625,0.0054,2.47
625,replay,48,4000,0.1491,1.000,0.0053,0.60
626,mutate,48,4000,0.2236,0.312,0.0053,2.48
627,replay,48,4000,0.2841,1.000,0.0053,0.60
628,mutate,48,4000,0.0245,0.750,0.0053,2.47
629,replay,48,4000,-0.0969,1.000,0.0049,0.60
630,mutate,48,4000,0.0137,0.812,0.0050,2.47
631,replay,48,4000,0.2016,1.000,0.0047,0.60
632,mutate,48,4000,0.0926,0.656,0.0048,2.47
633,replay,48,4000,0.0443,1.000,0.0045,0.60
634,mutate,48,4000,0.0227,0.750,0.0046,2.47
635,replay,48,4000,-0.0436,1.000,0.0044,0.60
636,mutate,48,4000,0.1725,0.688,0.0053,2.47
637,replay,48,4000,0.2826,1.000,0.0055,0.60
638,mutate,48,4000,0.0153,0.656,0.0057,2.47
639,new,48,4000,0.0926,0.812,0.0059,2.47
640,replay,48,4000,0.3340,1.000,0.0063,0.60
641,mutate,48,4000,0.1072,0.562,0.0065,2.45
642,replay,48,4000,0.1979,1.000,0.0062,0.60
643,mutate,48,4000,0.0094,0.844,0.0063,2.48
644,replay,48,4000,0.3308,1.000,0.0062,0.60
645,mutate,48,4000,0.1439,0.594,0.0063,2.48
646,replay,48,4000,0.1764,1.000,0.0061,0.60
647,mutate,48,4000,0.0586,0.656,0.0062,2.48
648,replay,48,4000,0.2088,1.000,0.0059,0.60
649,mutate,48,4000,0.0560,0.719,0.0060,2.48
650,replay,48,4000,0.1564,1.000,0.0059,0.60
651,mutate,48,4000,0.1034,0.562,0.0059,2.48
652,replay,48,4000,0.0484,1.000,0.0056,0.60
653,mutate,48,4000,0.0970,0.656,0.0058,2.48
654,replay,48,4000,0.2356,1.000,0.0057,0.60
655,mutate,48,4000,0.0512,0.562,0.0059,2.48
656,new,48,4000,0.0182,1.000,0.0059,2.49
657,new,48,4000,0.0581,0.812,0.0059,2.49
658,new,48,4000,0.0906,0.812,0.0059,2.49
659,replay,48,4000,0.2635,1.000,0.0059,0.60
660,mutate,48,4000,0.0411,0.750,0.0060,2.49
661,replay,48,4000,0.3122,1.000,0.0059,0.60
662,mutate,48,4000,0.0243,0.812,0.0061,2.49
663,replay,48,4000,0.2846,1.000,0.0062,0.60
664,mutate,48,4000,0.0431,0.750,0.0063,2.49
665,replay,48,4000,0.3118,1.000,0.0062,0.60
666,mutate,48,4000,0.0258,0.781,0.0063,2.49
667,replay,48,4000,0.3146,1.000,0.0064,0.60
668,mutate,48,4000,0.0527,0.750,0.0065,2.49
669,new,48,4000,0.0675,0.750,0.0065,2.50
670,replay,48,4000,0.2140,1.000,0.0061,0.61
671,mutate,48,4000,0.0366,0.750,0.0061,2.50
672,replay,48,4000,0.0610,1.000,0.0053,0.60
673,mutate,48,4000,0.1234,0.625,0.0054,2.49
674,replay,48,4000,0.1479,1.000,0.0054,0.60
675,mutate,48,4000,0.1480,0.750,0.0054,2.49
676,new,48,4000,0.0931,0.812,0.0054,2.49
677,new,48,4000,0.0334,0.938,0.0054,2.49
678,replay,48,4000,0.1700,1.000,0.0053,0.60
679,mutate,48,4000,0.0265,0.594,0.0053,2.49
680,replay,48,4000,-0.1040,1.000,0.0048,0.60
681,mutate,48,4000,0.0246,0.625,0.0048,2.49
682,replay,48,4000,0.1307,1.000,0.0046,0.61
683,mutate,48,4000,0.0320,0.531,0.0046,2.49
684,new,48,4000,0.0348,0.875,0.0046,2.49
685,replay,48,4000,0.2035,1.000,0.0048,0.60
686,mutate,48,4000,0.0207,0.781,0.0049,2.48
687,new,48,4000,0.0000,0.875,0.0049,2.48
688,replay,48,4000,0.1078,1.000,0.0047,0.60
689,mutate,48,4000,0.0406,0.625,0.0047,2.51
690,replay,48,4000,0.0449,1.000,0.0047,0.61
691,mutate,48,4000,0.0000,0.031,0.0047,2.49
692,replay,48,4000,-0.0460,1.000,0.0043,0.60
693,mutate,48,4000,0.3233,0.031,0.0044,2.48
694,replay,48,4000,0.1868,1.000,0.0043,0.60
695,mutate,48,4000,0.0640,0.719,0.0044,2.48
696,replay,48,4000,0.0898,1.000,0.0049,0.61
697,mutate,48,4000,0.0659,0.688,0.0050,2.49
698,new,48,4000,0.0472,0.750,0.0050,2.49
699,replay,48,4000,0.2107,1.000,0.0046,0.60
700,mutate,48,4000,0.0786,0.719,0.0047,2.49
701,replay,48,4000,0.2236,1.000,0.0043,0.60
702,mutate,48,4000,0.0606,0.719,0.0045,2.49
703,replay,48,4000,0.2116,1.000,0.0042,0.60
704,mutate,48,4000,0.0488,0.781,0.0043,2.50
705,new,48,4000,0.0102,0.625,0.0043,2.49
706,replay,48,4000,0.1264,1.000,0.0038,0.60
707,mutate,48,4000,0.0103,0.750,0.0038,2.48
708,replay,48,4000,-0.3223,1.000,0.0027,0.60
709,mutate,48,4000,0.0300,0.719,0.0030,2.49
710,new,48,4000,0.1061,0.812,0.0030,2.49
711,replay,48,4000,-0.2046,1.000,0.0027,0.60
712,mutate,48,4000,0.0884,0.781,0.0031,4.07
713,replay,48,4000,0.1812,1.000,0.0034,0.60
714,mutate,48,4000,0.1417,0.500,0.0040,2.49
715,replay,48,4000,0.3359,1.000,0.0041,0.60
716,mutate,48,4000,0.0982,0.688,0.0043,2.49
717,replay,48,4000,0.1795,1.000,0.0042,0.60
718,mutate,48,4000,0.0360,0.500,0.0043,2.49
719,replay,48,4000,0.2400,1.000,0.0041,0.60
720,mutate,48,4000,0.0950,0.594,0.0044,2.49
721,replay,48,4000,-0.1103,1.000,0.0041,0.60
722,mutate,48,4000,0.0516,0.688,0.0042,2.49
723,replay,48,4000,0.1854,1.000,0.0036,0.60
724,mutate,48,4000,0.0888,0.250,0.0039,2.49
725,replay,48,4000,0.1665,1.000,0.0039,0.60
726,mutate,48,4000,0.0733,0.688,0.0041,2.49
727,new,48,4000,0.0791,0.812,0.0041,2.49
728,replay,48,4000,0.4049,1.000,0.0044,0.60
729,mutate,48,4000,0.0842,0.812,0.0045,2.48
730,replay,48,4000,0.1488,1.000,0.0041,0.60
731,mutate,48,4000,0.0898,0.688,0.0042,2.49
732,new,48,4000,0.0497,0.875,0.0042,2.49
733,replay,48,4000,0.0393,1.000,0.0039,0.61
734,mutate,48,4000,0.0566,0.781,0.0039,2.49
735,replay,48,4000,0.1535,1.000,0.0035,0.60
736,mutate,48,4000,0.1082,0.656,0.0035,2.49
737,replay,48,4000,0.1024,1.000,0.0029,0.60
738,mutate,48,4000,0.0646,0.562,0.0029,2.49
739,replay,48,4000,0.0864,1.000,0.0025,0.60
740,mutate,48,4000,0.0469,0.656,0.0026,2.49
741,replay,48,4000,0.0667,1.000,0.0022,0.61
742,mutate,48,4000,0.0711,0.844,0.0022,2.49
743,new,48,4000,0.0117,0.938,0.0022,2.49
744,new,48,4000,0.0053,0.688,0.0022,2.50
745,replay,48,4000,0.1597,1.000,0.0020,0.60
746,mutate,48,4000,0.0680,0.500,0.0020,2.49
747,replay,48,4000,-0.0263,1.000,0.0020,0.61
748,mutate,48,4000,0.0762,0.688,0.0023,2.49
749,replay,48,4000,-0.0360,1.000,0.0019,0.60
750,mutate,48,4000,0.0251,0.719,0.0021,2.49
751,replay,48,4000,0.2434,1.000,0.0021,0.60
752,mutate,48,4000,0.1021,0.812,0.0021,2.49
753,replay,48,4000,0.3966,1.000,0.0024,0.60
754,mutate,48,4000,0.0221,0.656,0.0024,2.49
755,new,48,4000,0.0422,0.875,0.0024,2.50
756,replay,48,4000,0.2370,1.000,0.0022,0.61
757,mutate,48,4000,0.0000,0.594,0.0022,2.49
758,replay,48,4000,0.0377,1.000,0.0015,0.61
759,mutate,48,4000,0.0215,0.781,0.0017,2.49
760,new,48,4000,0.0682,0.812,0.0017,2.50
761,replay,48,4000,0.1035,1.000,0.0012,0.61
762,mutate,48,4000,0.0605,0.688,0.0013,2.50
763,new,48,4000,0.0324,0.875,0.0013,2.49
764,replay,48,4000,0.0360,1.000,0.0012,0.60
765,mutate,48,4000,0.0809,0.062,0.0013,2.49
766,replay,48,4000,0.1445,1.000,0.0008,0.60
767,mutate,48,4000,0.0516,0.750,0.0008,2.49
768,replay,48,4000,0.0960,1.000,0.0007,0.61
769,mutate,48,4000,0.0475,0.375,0.0007,2.49
770,replay,48,4000,-0.0952,1.000,0.0004,0.60
771,mutate,48,4000,0.0304,0.656,0.0005,2.49
772,replay,48,4000,-0.0375,1.000,0.0003,0.61
773,mutate,48,4000,0.0710,0.562,0.0006,2.50
774,replay,48,4000,0.3125,1.000,0.0006,0.61
775,mutate,48,4000,0.0482,0.562,0.0008,2.49
776,replay,48,4000,0.1166,1.000,0.0007,0.60
777,mutate,48,4000,0.0246,0.719,0.0007,2.49
778,replay,48,4000,0.0464,1.000,0.0004,0.61
779,mutate,48,4000,0.0000,0.125,0.0004,2.50
780,replay,48,4000,-0.1383,1.000,-0.0001,0.60
781,mutate,48,4000,0.0000,0.594,-0.0001,2.49
782,replay,48,4000,0.2399,1.000,-0.0001,0.60
783,mutate,48,4000,0.1531,0.562,0.0004,2.49
784,replay,48,4000,0.2899,1.000,0.0002,0.61
785,mutate,48,4000,0.0411,0.781,0.0004,2.50
786,replay,48,4000,0.2436,1.000,0.0000,0.60
787,mutate,48,4000,0.0105,0.781,0.0001,2.54
788,replay,48,4000,0.0091,1.000,-0.0001,0.61
789,mutate,48,4000,0.0863,0.406,-0.0000,2.61
790,replay,48,4000,-0.0942,1.000,-0.0003,0.61
791,mutate,48,4000,0.0870,0.750,0.0003,2.53
792,replay,48,4000,-0.0630,1.000,0.0002,0.61
793,mutate,48,4000,0.0639,0.781,0.0006,2.59
794,new,48,4000,0.1001,0.625,0.0007,2.59
795,new,48,4000,0.1430,0.812,0.0011,2.60
796,replay,48,4000,0.2399,1.000,0.0009,0.62
797,mutate,48,4000,0.0522,0.625,0.0012,2.56
798,new,48,4000,0.1077,0.812,0.0014,2.54
799,new,48,4000,0.0833,1.000,0.0015,2.50
800,replay,48,4000,0.3570,1.000,0.0014,0.60
801,mutate,48,4000,0.0515,0.875,0.0014,2.60
802,replay,48,4000,0.2246,1.000,0.0013,0.63
803,mutate,48,4000,0.0660,0.656,0.0013,2.59
804,replay,48,4000,-0.1612,1.000,0.0008,0.61
805,mutate,48,4000,0.0618,0.688,0.0008,2.56
806,replay,48,4000,0.1468,1.000,0.0005,0.61
807,mutate,48,4000,0.0575,0.875,0.0007,2.54
808,replay,48,4000,0.0891,1.000,0.0010,0.60
809,mutate,48,4000,0.0510,0.406,0.0011,2.49
810,replay,48,4000,0.1508,1.000,0.0016,0.60
811,mutate,48,4000,0.1132,0.562,0.0019,2.49
812,replay,48,4000,0.2630,1.000,0.0020,0.60
813,mutate,48,4000,0.1681,0.656,0.0028,2.49
814,replay,48,4000,0.2925,1.000,0.0032,0.60
815,mutate,48,4000,0.0334,0.688,0.0033,2.49
816,replay,48,4000,0.2540,1.000,0.0034,0.60
817,mutate,48,4000,0.0507,0.438,0.0036,2.49
818,replay,48,4000,0.3247,1.000,0.0038,0.60
819,mutate,48,4000,0.0502,0.781,0.0040,2.48
820,replay,48,4000,0.2374,1.000,0.0037,0.60
821,mutate,48,4000,0.1208,0.750,0.0038,2.49
822,replay,48,4000,-0.0404,1.000,0.0036,0.61
823,mutate,48,4000,0.0331,0.312,0.0037,2.49
824,replay,48,4000,0.2608,1.000,0.0037,0.61
825,mutate,48,4000,0.1003,0.625,0.0037,2.49
826,new,48,4000,0.1597,0.875,0.0037,2.49
827,replay,48,4000,-0.1406,1.000,0.0035,0.60
828,mutate,48,4000,0.0783,0.750,0.0037,2.49
829,replay,48,4000,0.2403,1.000,0.0036,0.60
830,mutate,48,4000,0.1354,0.750,0.0037,2.49
831,replay,48,4000,0.0985,1.000,0.0039,0.60
832,mutate,48,4000,0.0295,0.594,0.0040,2.49
833,replay,48,4000,-0.0274,1.000,0.0040,0.60
834,mutate,48,4000,0.0580,0.594,0.0043,4.26
835,replay,48,4000,0.1929,1.000,0.0044,0.60
836,mutate,48,4000,0.0957,0.812,0.0049,2.50
837,replay,48,4000,0.2827,1.000,0.0050,0.60
838,mutate,48,4000,0.1026,0.719,0.0053,2.49
839,replay,48,4000,0.2193,1.000,0.0053,0.60
840,mutate,48,4000,0.1110,0.719,0.0056,2.49
841,replay,48,4000,0.1541,1.000,0.0057,0.60
842,mutate,48,4000,0.0598,0.750,0.0059,2.49
843,new,48,4000,0.0916,0.812,0.0065,2.49
844,replay,48,4000,0.3517,1.000,0.0069,0.60
845,mutate,48,4000,0.0217,0.500,0.0070,2.49
846,replay,48,4000,0.0677,1.000,0.0069,0.61
847,mutate,48,4000,0.0963,0.688,0.0074,2.49
848,new,48,4000,0.1456,0.750,0.0074,2.50
849,replay,48,4000,0.2822,1.000,0.0075,0.60
850,mutate,48,4000,0.0000,0.562,0.0075,2.49
851,new,48,4000,0.1618,0.500,0.0075,2.49
852,replay,48,4000,0.2639,1.000,0.0076,0.60
853,mutate,48,4000,0.1375,0.594,0.0077,2.49
854,replay,48,4000,0.1498,1.000,0.0078,0.61
855,mutate,48,4000,0.1199,0.781,0.0078,2.49
856,replay,48,4000,0.0388,1.000,0.0076,0.61
857,mutate,48,4000,0.0567,0.719,0.0077,2.49
858,replay,48,4000,0.1823,1.000,0.0077,0.60
859,mutate,48,4000,0.0626,0.719,0.0077,2.49
860,new,48,4000,0.0685,0.750,0.0077,2.50
861,replay,48,4000,0.2130,1.000,0.0079,0.60
862,mutate,48,4000,0.0865,0.812,0.0079,2.49
863,replay,48,4000,0.2283,1.000,0.0079,0.61
864,mutate,48,4000,0.0350,0.531,0.0079,2.49
865,replay,48,4000,0.1781,1.000,0.0079,0.60
866,mutate,48,4000,0.0217,0.438,0.0080,2.49
867,replay,48,4000,0.2656,1.000,0.0081,0.60
868,mutate,48,4000,0.1250,0.562,0.0083,2.52
869,replay,48,4000,0.1843,1.000,0.0081,0.61
870,mutate,48,4000,0.1341,0.562,0.0082,2.49
871,replay,48,4000,-0.0351,1.000,0.0084,0.61
872,mutate,48,4000,0.0401,0.875,0.0085,2.49
873,replay,48,4000,0.2410,1.000,0.0083,0.60
874,mutate,48,4000,0.0737,0.719,0.0085,2.49
875,replay,48,4000,0.2837,1.000,0.0086,0.60
876,mutate,48,4000,0.1234,0.625,0.0086,2.49
877,replay,48,4000,0.2747,1.000,0.0085,0.60
878,mutate,48,4000,0.0924,0.719,0.0086,2.50
879,replay,48,4000,0.2069,1.000,0.0082,0.61
880,mutate,48,4000,0.0438,0.656,0.0083,2.49
881,replay,48,4000,0.0716,1.000,0.0079,0.60
882,mutate,48,4000,0.0406,0.844,0.0079,2.49
883,replay,48,4000,0.0740,1.000,0.0075,0.60
884,mutate,48,4000,0.0965,0.688,0.0075,2.49
885,replay,48,4000,-0.0406,1.000,0.0069,0.60
886,mutate,48,4000,0.0896,0.719,0.0071,2.49
887,replay,48,4000,0.1667,1.000,0.0071,0.60
888,mutate,48,4000,0.1618,0.625,0.0071,2.49
889,new,48,4000,0.0480,1.000,0.0071,2.50
890,replay,48,4000,0.1159,1.000,0.0070,0.61
891,mutate,48,4000,0.0527,0.312,0.0071,2.49
892,replay,48,4000,-0.0158,1.000,0.0066,0.61
893,mutate,48,4000,0.0348,0.500,0.0066,2.50
894,new,48,4000,0.0419,0.875,0.0066,2.51
895,replay,48,4000,0.1613,1.000,0.0062,0.61
896,mutate,48,4000,0.0968,0.844,0.0063,2.51
897,replay,48,4000,0.1551,1.000,0.0063,0.61
898,mutate,48,4000,0.1205,0.562,0.0063,2.51
899,replay,48,4000,0.1816,1.000,0.0061,0.61
900,mutate,48,4000,0.1058,0.750,0.0061,2.52
901,new,48,4000,0.0403,0.938,0.0061,2.51
902,new,48,4000,0.0819,0.688,0.0061,2.51
903,new,48,4000,0.0731,0.938,0.0061,2.50
904,replay,48,4000,0.1437,1.000,0.0058,0.61
905,mutate,48,4000,0.1054,0.469,0.0058,2.51
906,replay,48,4000,-0.2083,1.000,0.0055,0.61
907,mutate,48,4000,0.0645,0.938,0.0056,2.51
908,new,48,4000,0.0693,0.875,0.0056,2.50
909,replay,48,4000,0.2164,1.000,0.0057,0.60
910,mutate,48,4000,0.1674,0.531,0.0057,2.50
911,replay,48,4000,0.1844,1.000,0.0063,0.61
912,mutate,48,4000,0.0615,0.656,0.0063,2.50
913,new,48,4000,0.0659,0.812,0.0063,2.51
914,new,48,4000,0.0884,0.750,0.0063,2.51
915,replay,48,4000,0.1238,1.000,0.0063,0.61
916,mutate,48,4000,0.0934,0.656,0.0063,2.50
917,replay,48,4000,0.1726,1.000,0.0067,0.61
918,mutate,48,4000,0.1065,0.656,0.0067,2.51
919,new,48,4000,0.0421,0.812,0.0068,2.52
920,replay,48,4000,0.2070,1.000,0.0068,0.61
921,mutate,48,4000,0.0624,0.594,0.0069,2.50
922,new,48,4000,0.0646,0.875,0.0069,2.51
923,replay,48,4000,0.1977,1.000,0.0067,0.61
924,mutate,48,4000,0.1262,0.719,0.0069,2.50
925,replay,48,4000,0.2664,1.000,0.0075,0.61
926,mutate,48,4000,0.1452,0.594,0.0076,2.50
927,new,48,4000,0.0990,0.812,0.0076,2.51
928,replay,48,4000,0.3075,1.000,0.0077,0.61
929,mutate,48,4000,0.1294,0.469,0.0077,2.51
930,replay,48,4000,0.2464,1.000,0.0077,0.61
931,mutate,48,4000,0.2157,0.469,0.0077,2.50
932,replay,48,4000,0.2732,1.000,0.0077,0.61
933,mutate,48,4000,0.0876,0.844,0.0077,2.50
934,replay,48,4000,0.1473,1.000,0.0073,0.61
935,mutate,48,4000,0.0180,0.719,0.0073,2.49
936,replay,48,4000,0.0791,1.000,0.0067,0.60
937,mutate,48,4000,0.0350,0.562,0.0069,2.49
938,new,48,4000,0.0389,0.875,0.0069,2.50
939,replay,48,4000,0.0564,1.000,0.0068,0.60
