update,mode,buffer_size,mean_regret_candidates,valid_fraction,mean_buffer_score,time_s
0,es_step,128,0.0000,0.875,0.0161,4.24
1,es_step,192,0.0000,0.781,0.0107,3.00
2,es_step,256,0.0000,0.656,0.0080,3.55
3,es_step,320,0.0000,0.844,0.0131,3.14
4,es_step,384,0.0000,0.781,0.0109,2.46
5,es_step,448,0.0000,0.750,0.0094,3.01
6,es_step,512,0.0000,0.781,0.0082,2.46
7,es_step,576,0.0000,0.781,0.0092,2.47
8,es_step,640,0.0000,0.750,0.0082,2.47
9,es_step,704,0.0000,0.875,0.0090,2.47
10,es_step,768,0.1242,0.781,0.0164,2.47
11,es_step,832,0.0000,0.844,0.0151,2.47
12,es_step,896,0.0000,0.969,0.0140,3.18
13,es_step,960,0.0384,0.844,0.0153,2.47
14,es_step,1024,0.0414,0.781,0.0153,2.46
15,es_step,1088,0.0000,0.969,0.0154,2.46
16,es_step,1152,0.0000,0.781,0.0145,2.47
17,es_step,1216,0.0347,0.969,0.0164,2.47
18,es_step,1280,0.0000,0.938,0.0155,3.02
19,es_step,1344,0.1050,0.938,0.0171,2.46
20,es_step,1408,0.1132,0.875,0.0217,2.47
21,es_step,1472,0.0000,0.875,0.0214,2.46
22,es_step,1536,0.0368,0.906,0.0226,2.46
23,es_step,1600,0.0000,0.969,0.0224,2.47
24,es_step,1664,0.0349,0.938,0.0228,2.68
25,es_step,1728,0.0746,0.875,0.0231,2.47
26,es_step,1792,0.0349,0.938,0.0247,2.47
27,es_step,1856,0.0660,1.000,0.0267,2.74
28,es_step,1920,0.2033,0.969,0.0329,2.46
29,es_step,1984,0.1015,0.969,0.0350,2.47
30,es_step,2048,0.1351,0.969,0.0370,2.46
31,replay,2048,0.0944,1.000,0.0357,9.47
32,replay,2048,0.0905,1.000,0.0338,0.70
33,replay,2048,0.0500,1.000,0.0331,0.60
34,replay,2048,0.1114,1.000,0.0325,0.60
35,replay,2048,0.0082,1.000,0.0294,0.60
36,replay,2048,0.1444,1.000,0.0283,0.59
37,es_step,2112,0.0696,0.875,0.0298,2.47
38,es_step,2176,0.0937,0.969,0.0311,2.73
39,replay,2176,0.0485,1.000,0.0300,0.60
40,replay,2176,-0.0229,1.000,0.0282,0.60
41,replay,2176,0.0243,1.000,0.0268,0.60
42,es_step,2240,0.0000,1.000,0.0269,2.47
43,es_step,2304,0.0304,1.000,0.0274,2.48
44,replay,2304,0.0595,1.000,0.0263,0.60
45,replay,2304,0.0391,1.000,0.0248,0.60
46,replay,2304,0.0737,1.000,0.0238,0.60
47,replay,2304,0.0582,1.000,0.0236,0.60
48,replay,2304,0.1098,1.000,0.0223,0.59
49,replay,2304,-0.0020,1.000,0.0208,0.60
50,es_step,2368,0.0587,1.000,0.0226,2.46
51,replay,2368,-0.0010,1.000,0.0211,0.60
52,replay,2368,0.0239,1.000,0.0207,0.60
53,replay,2368,0.0058,1.000,0.0195,0.59
54,es_step,2432,0.0899,1.000,0.0214,2.46
55,es_step,2496,0.1490,1.000,0.0243,2.46
56,es_step,2560,0.0888,1.000,0.0251,2.46
57,replay,2560,0.0192,1.000,0.0243,0.60
58,replay,2560,0.0226,1.000,0.0227,0.59
59,es_step,2624,0.0308,0.969,0.0236,2.46
60,replay,2624,0.0507,1.000,0.0225,0.60
61,replay,2624,0.0725,1.000,0.0218,0.60
62,replay,2624,0.0440,1.000,0.0210,0.59
63,replay,2624,0.0388,1.000,0.0197,0.60
64,replay,2624,0.0217,1.000,0.0186,0.59
65,replay,2624,0.2436,1.000,0.0177,0.59
66,replay,2624,0.0305,1.000,0.0170,0.59
67,replay,2624,0.0455,1.000,0.0162,0.60
68,replay,2624,0.0591,1.000,0.0156,0.60
69,replay,2624,-0.0220,1.000,0.0147,0.60
70,es_step,2688,0.0865,1.000,0.0178,2.46
71,replay,2688,0.0215,1.000,0.0167,0.59
72,replay,2688,0.1126,1.000,0.0158,0.59
73,replay,2688,0.0624,1.000,0.0149,0.59
74,replay,2688,0.0286,1.000,0.0137,0.59
75,es_step,2752,0.1147,1.000,0.0150,2.46
76,replay,2752,0.0748,1.000,0.0137,0.60
77,es_step,2816,0.0855,1.000,0.0160,2.46
78,replay,2816,-0.0009,1.000,0.0149,0.60
79,replay,2816,0.0243,1.000,0.0147,0.59
80,replay,2816,0.0629,1.000,0.0137,0.59
81,es_step,2880,0.0000,1.000,0.0153,2.46
82,replay,2880,0.0718,1.000,0.0148,0.60
83,replay,2880,0.0394,1.000,0.0141,0.60
84,replay,2880,0.0482,1.000,0.0129,0.90
85,replay,2880,0.0280,1.000,0.0119,0.60
86,replay,2880,0.0814,1.000,0.0115,0.59
87,replay,2880,0.0757,1.000,0.0104,0.59
88,es_step,2944,0.0591,0.969,0.0117,2.47
89,replay,2944,0.0357,1.000,0.0106,0.60
90,replay,2944,0.0546,1.000,0.0098,0.60
91,replay,2944,0.0316,1.000,0.0088,0.60
92,replay,2944,0.0634,1.000,0.0082,0.60
93,replay,2944,0.0776,1.000,0.0072,0.59
94,replay,2944,0.0813,1.000,0.0065,0.59
95,replay,2944,0.1621,1.000,0.0059,0.60
96,replay,2944,0.1502,1.000,0.0054,0.60
97,es_step,3008,0.0535,1.000,0.0072,2.46
98,replay,3008,0.0201,1.000,0.0065,0.60
99,replay,3008,0.0949,1.000,0.0065,0.62
100,replay,3008,0.1368,1.000,0.0062,0.59
101,es_step,3072,0.0813,0.969,0.0077,2.47
102,replay,3072,0.1166,1.000,0.0069,0.60
103,replay,3072,0.2385,1.000,0.0069,0.59
104,replay,3072,0.1369,1.000,0.0064,0.59
105,replay,3072,0.1314,1.000,0.0051,0.59
106,replay,3072,0.2161,1.000,0.0052,0.59
107,replay,3072,0.2923,1.000,0.0047,0.60
108,replay,3072,0.1914,1.000,0.0042,0.60
109,replay,3072,0.2199,1.000,0.0038,0.59
110,replay,3072,0.1171,1.000,0.0033,0.59
111,replay,3072,0.4638,1.000,0.0033,0.59
112,replay,3072,0.2591,1.000,0.0024,0.59
113,replay,3072,0.1488,1.000,0.0017,0.59
114,replay,3072,0.1259,1.000,0.0010,0.59
115,replay,3072,0.1810,1.000,0.0005,0.59
116,es_step,3136,0.0114,1.000,0.0009,2.46
117,replay,3136,-0.0151,1.000,0.0007,0.60
118,replay,3136,0.2333,1.000,0.0006,0.60
119,replay,3136,0.0022,1.000,-0.0002,0.60
120,es_step,3200,0.0283,1.000,0.0005,2.46
121,replay,3200,0.2686,1.000,-0.0001,0.60
122,replay,3200,0.2583,1.000,-0.0001,0.60
123,replay,3200,0.1384,1.000,-0.0012,0.59
124,replay,3200,0.0926,1.000,-0.0019,0.59
125,replay,3200,0.1303,1.000,-0.0022,0.60
126,replay,3200,0.2545,1.000,-0.0025,0.59
127,replay,3200,0.4052,1.000,-0.0022,0.59
128,replay,3200,-0.2157,1.000,-0.0036,0.59
129,replay,3200,0.1551,1.000,-0.0044,0.60
130,replay,3200,-0.0007,1.000,-0.0049,0.59
131,replay,3200,0.2182,1.000,-0.0056,0.60
132,replay,3200,-0.2051,1.000,-0.0070,0.60
133,replay,3200,0.1629,1.000,-0.0078,0.59
134,replay,3200,0.1323,1.000,-0.0080,0.59
135,es_step,3264,0.0826,1.000,-0.0061,2.46
136,replay,3264,0.2824,1.000,-0.0058,0.59
137,replay,3264,0.4192,1.000,-0.0057,0.60
138,replay,3264,0.2345,1.000,-0.0064,0.59
139,es_step,3328,0.0269,0.969,-0.0058,2.46
140,replay,3328,0.1349,1.000,-0.0066,0.60
141,replay,3328,0.1649,1.000,-0.0071,0.60
142,replay,3328,0.1507,1.000,-0.0075,0.59
143,replay,3328,0.2138,1.000,-0.0081,0.59
144,replay,3328,0.2559,1.000,-0.0086,0.59
145,es_step,3392,0.0527,1.000,-0.0076,2.46
146,es_step,3456,0.0418,1.000,-0.0066,2.47
147,es_step,3520,0.0737,1.000,-0.0054,2.47
148,replay,3520,0.0769,1.000,-0.0057,0.60
149,replay,3520,0.1491,1.000,-0.0065,0.60
150,replay,3520,0.1598,1.000,-0.0069,0.59
151,replay,3520,0.2539,1.000,-0.0073,0.98
152,replay,3520,0.2980,1.000,-0.0078,0.59
153,replay,3520,0.0067,1.000,-0.0085,0.59
154,replay,3520,0.1872,1.000,-0.0085,0.60
155,replay,3520,0.0210,1.000,-0.0095,0.59
156,es_step,3584,0.0603,0.969,-0.0084,2.46
157,replay,3584,0.3196,1.000,-0.0084,0.60
158,replay,3584,0.3188,1.000,-0.0085,0.59
159,replay,3584,0.0082,1.000,-0.0089,0.60
160,replay,3584,0.2182,1.000,-0.0088,0.60
161,replay,3584,-0.0399,1.000,-0.0096,0.60
162,replay,3584,0.1905,1.000,-0.0100,0.60
163,replay,3584,0.2488,1.000,-0.0101,0.59
164,replay,3584,0.0619,1.000,-0.0100,0.60
165,replay,3584,0.0954,1.000,-0.0100,0.59
166,replay,3584,0.3289,1.000,-0.0100,0.60
167,replay,3584,0.1986,1.000,-0.0100,0.59
168,replay,3584,0.0677,1.000,-0.0100,0.60
169,es_step,3648,0.0654,1.000,-0.0090,2.46
170,es_step,3712,0.0624,0.969,-0.0078,2.47
171,replay,3712,0.0154,1.000,-0.0081,0.60
172,replay,3712,0.2032,1.000,-0.0082,0.60
173,replay,3712,0.0260,1.000,-0.0088,0.59
174,replay,3712,0.0253,1.000,-0.0089,0.59
175,replay,3712,0.1913,1.000,-0.0085,0.59
176,replay,3712,0.4578,1.000,-0.0082,0.59
177,es_step,3776,0.0836,1.000,-0.0070,2.47
178,replay,3776,0.2305,1.000,-0.0072,0.60
179,replay,3776,0.2518,1.000,-0.0076,0.60
180,replay,3776,0.1598,1.000,-0.0081,0.60
181,es_step,3840,0.0268,1.000,-0.0076,2.46
182,es_step,3904,0.0229,1.000,-0.0072,2.47
183,replay,3904,0.0053,1.000,-0.0077,0.60
184,replay,3904,0.1301,1.000,-0.0080,0.65
185,replay,3904,0.1198,1.000,-0.0084,0.59
186,replay,3904,0.1206,1.000,-0.0086,0.59
187,replay,3904,0.0599,1.000,-0.0086,0.59
188,es_step,3968,0.0477,1.000,-0.0075,2.47
189,replay,3968,0.2689,1.000,-0.0072,0.60
190,replay,3968,0.2194,1.000,-0.0071,0.64
191,replay,3968,0.2813,1.000,-0.0070,0.59
192,replay,3968,0.1445,1.000,-0.0077,0.60
193,replay,3968,0.2582,1.000,-0.0080,0.60
194,replay,3968,0.1765,1.000,-0.0085,0.60
195,replay,3968,0.1334,1.000,-0.0090,0.60
196,replay,3968,0.0320,1.000,-0.0093,0.60
197,replay,3968,0.2840,1.000,-0.0094,0.60
198,replay,3968,0.1835,1.000,-0.0093,0.60
199,replay,3968,0.0694,1.000,-0.0096,0.60
200,replay,3968,0.2355,1.000,-0.0095,0.60
201,es_step,4000,0.0810,1.000,-0.0083,2.46
202,replay,4000,0.2880,1.000,-0.0087,0.60
203,replay,4000,0.3449,1.000,-0.0087,0.59
204,replay,4000,0.2299,1.000,-0.0090,0.59
205,replay,4000,0.1241,1.000,-0.0100,0.59
206,replay,4000,0.2261,1.000,-0.0107,0.60
207,es_step,4000,0.0454,1.000,-0.0105,2.47
208,replay,4000,0.1920,1.000,-0.0111,0.60
209,replay,4000,0.2602,1.000,-0.0114,0.59
210,replay,4000,0.1559,1.000,-0.0115,0.67
211,es_step,4000,0.0560,1.000,-0.0114,2.49
212,replay,4000,0.2654,1.000,-0.0110,0.60
213,es_step,4000,0.0608,1.000,-0.0108,2.48
214,replay,4000,0.1908,1.000,-0.0114,0.60
215,replay,4000,0.2621,1.000,-0.0114,0.60
216,replay,4000,0.1586,1.000,-0.0115,0.60
217,replay,4000,0.2428,1.000,-0.0118,0.59
218,es_step,4000,0.0516,1.000,-0.0117,2.47
219,replay,4000,0.1491,1.000,-0.0121,0.60
220,replay,4000,0.1557,1.000,-0.0123,0.60
221,replay,4000,0.3321,1.000,-0.0121,1.05
222,replay,4000,0.1249,1.000,-0.0130,0.60
223,es_step,4000,0.0518,1.000,-0.0128,2.47
224,replay,4000,0.1399,1.000,-0.0132,0.60
225,replay,4000,0.2604,1.000,-0.0134,0.60
226,replay,4000,0.2923,1.000,-0.0134,0.59
227,replay,4000,0.2161,1.000,-0.0137,0.59
228,replay,4000,0.1227,1.000,-0.0137,0.60
229,replay,4000,0.2310,1.000,-0.0138,0.60
230,replay,4000,0.2353,1.000,-0.0142,0.60
231,replay,4000,0.0638,1.000,-0.0149,0.60
232,replay,4000,0.1545,1.000,-0.0153,0.59
233,replay,4000,0.1187,1.000,-0.0157,0.60
234,replay,4000,-0.0119,1.000,-0.0160,0.60
235,replay,4000,0.2748,1.000,-0.0160,0.59
236,replay,4000,0.3226,1.000,-0.0160,0.60
237,replay,4000,0.1541,1.000,-0.0165,0.60
238,replay,4000,-0.2707,1.000,-0.0172,0.60
239,replay,4000,0.2126,1.000,-0.0173,0.60
240,replay,4000,0.1504,1.000,-0.0179,0.60
241,replay,4000,0.1566,1.000,-0.0184,0.60
242,replay,4000,0.1714,1.000,-0.0190,0.60
243,replay,4000,-0.0323,1.000,-0.0194,0.60
244,replay,4000,0.0658,1.000,-0.0199,0.60
245,es_step,4000,0.0285,1.000,-0.0199,2.48
246,replay,4000,-0.1522,1.000,-0.0206,0.60
247,replay,4000,0.1256,1.000,-0.0210,0.59
248,replay,4000,0.1624,1.000,-0.0216,0.60
249,replay,4000,0.2312,1.000,-0.0220,0.60
250,replay,4000,0.1296,1.000,-0.0228,0.60
251,replay,4000,0.1269,1.000,-0.0235,0.60
252,replay,4000,0.0899,1.000,-0.0240,0.59
253,replay,4000,0.0178,1.000,-0.0243,0.60
254,replay,4000,-0.0738,1.000,-0.0248,0.60
255,es_step,4000,0.0247,1.000,-0.0248,2.46
256,replay,4000,0.2862,1.000,-0.0251,0.60
257,replay,4000,0.1076,1.000,-0.0253,0.60
258,replay,4000,0.0752,1.000,-0.0255,0.60
259,replay,4000,0.1128,1.000,-0.0256,0.59
260,replay,4000,0.3464,1.000,-0.0254,0.60
261,replay,4000,0.2250,1.000,-0.0259,0.60
262,replay,4000,0.3221,1.000,-0.0261,0.59
263,es_step,4000,0.0371,1.000,-0.0260,2.46
264,replay,4000,0.1516,1.000,-0.0269,0.60
265,replay,4000,0.1971,1.000,-0.0274,0.60
266,es_step,4000,0.0457,1.000,-0.0274,2.46
267,replay,4000,0.0082,1.000,-0.0280,0.60
268,replay,4000,0.0692,1.000,-0.0285,0.60
269,replay,4000,0.0958,1.000,-0.0292,0.59
270,es_step,4000,0.0117,1.000,-0.0291,2.47
271,replay,4000,0.0322,1.000,-0.0296,0.60
272,replay,4000,0.0120,1.000,-0.0304,0.59
273,replay,4000,0.1584,1.000,-0.0308,0.60
274,replay,4000,0.0891,1.000,-0.0311,0.60
275,es_step,4000,0.0043,1.000,-0.0311,2.47
276,replay,4000,0.0885,1.000,-0.0314,0.60
277,replay,4000,0.0494,1.000,-0.0315,0.60
278,replay,4000,0.1918,1.000,-0.0316,0.59
279,replay,4000,0.2573,1.000,-0.0316,0.60
280,replay,4000,0.1881,1.000,-0.0318,0.60
281,replay,4000,0.0638,1.000,-0.0321,0.59
282,es_step,4000,0.0286,1.000,-0.0320,2.46
283,replay,4000,0.1314,1.000,-0.0319,0.60
284,replay,4000,0.0913,1.000,-0.0323,0.59
285,replay,4000,0.2592,1.000,-0.0324,0.60
286,replay,4000,-0.0212,1.000,-0.0335,0.60
287,replay,4000,0.1059,1.000,-0.0343,0.59
288,replay,4000,0.2183,1.000,-0.0343,0.59
289,replay,4000,-0.2366,1.000,-0.0350,0.59
290,replay,4000,0.1669,1.000,-0.0352,0.60
291,replay,4000,0.1578,1.000,-0.0355,0.60
292,replay,4000,0.1625,1.000,-0.0358,0.60
293,replay,4000,-0.1147,1.000,-0.0362,0.59
294,replay,4000,0.3759,1.000,-0.0362,0.59
295,replay,4000,0.2171,1.000,-0.0364,0.59
296,replay,4000,-0.0527,1.000,-0.0371,0.60
297,replay,4000,0.1051,1.000,-0.0376,0.59
298,replay,4000,0.0362,1.000,-0.0379,0.60
299,replay,4000,0.1121,1.000,-0.0383,0.60
300,es_step,4000,0.0210,1.000,-0.0382,2.47
301,replay,4000,0.1224,1.000,-0.0387,0.60
302,replay,4000,0.1146,1.000,-0.0394,0.60
303,replay,4000,0.2376,1.000,-0.0396,0.59
304,replay,4000,0.0596,1.000,-0.0399,0.60
305,replay,4000,0.2374,1.000,-0.0400,0.60
306,replay,4000,0.1205,1.000,-0.0403,0.60
307,replay,4000,-0.1352,1.000,-0.0410,0.60
308,replay,4000,0.1127,1.000,-0.0414,0.59
309,replay,4000,0.1155,1.000,-0.0419,0.59
310,es_step,4000,0.0099,0.969,-0.0418,2.47
311,replay,4000,0.2185,1.000,-0.0420,0.60
312,replay,4000,0.1149,1.000,-0.0420,1.14
313,replay,4000,0.2618,1.000,-0.0420,0.59
314,replay,4000,0.0678,1.000,-0.0425,0.60
315,es_step,4000,0.0329,1.000,-0.0424,2.47
316,es_step,4000,0.0282,1.000,-0.0424,2.47
317,replay,4000,0.0731,1.000,-0.0425,0.60
318,replay,4000,0.0881,1.000,-0.0430,0.60
319,es_step,4000,0.0357,1.000,-0.0429,2.47
320,replay,4000,0.0118,1.000,-0.0433,0.60
321,replay,4000,0.0778,1.000,-0.0434,0.60
322,replay,4000,0.0798,1.000,-0.0434,0.60
323,replay,4000,-0.0158,1.000,-0.0437,0.60
324,replay,4000,0.3055,1.000,-0.0436,0.59
325,replay,4000,0.1460,1.000,-0.0438,0.60
326,replay,4000,0.1231,1.000,-0.0438,0.60
327,replay,4000,0.0755,1.000,-0.0442,0.60
328,replay,4000,0.2243,1.000,-0.0445,0.60
329,replay,4000,0.2585,1.000,-0.0446,0.60
330,replay,4000,0.2014,1.000,-0.0449,0.60
331,replay,4000,0.1571,1.000,-0.0451,0.60
332,replay,4000,0.0754,1.000,-0.0457,0.60
333,replay,4000,0.0534,1.000,-0.0460,0.60
334,es_step,4000,0.0614,1.000,-0.0460,2.46
335,es_step,4000,0.0547,1.000,-0.0460,2.47
336,replay,4000,-0.0230,1.000,-0.0464,0.60
337,replay,4000,0.1009,1.000,-0.0465,0.60
338,replay,4000,0.1555,1.000,-0.0468,0.60
339,es_step,4000,0.0840,0.969,-0.0464,2.47
340,replay,4000,0.2248,1.000,-0.0462,0.60
341,es_step,4000,0.0642,1.000,-0.0462,2.47
342,replay,4000,0.1914,1.000,-0.0463,0.60
343,replay,4000,0.2289,1.000,-0.0465,0.60
344,replay,4000,-0.1656,1.000,-0.0471,0.60
345,replay,4000,0.0864,1.000,-0.0472,0.60
346,replay,4000,0.2109,1.000,-0.0474,0.60
347,replay,4000,0.2212,1.000,-0.0473,0.59
348,replay,4000,0.0715,1.000,-0.0478,0.60
349,replay,4000,0.1071,1.000,-0.0479,0.59
350,replay,4000,0.1232,1.000,-0.0478,0.60
351,replay,4000,0.2252,1.000,-0.0479,0.60
352,replay,4000,0.3336,1.000,-0.0476,0.60
353,replay,4000,0.2086,1.000,-0.0480,0.60
354,replay,4000,0.0966,1.000,-0.0482,0.60
355,replay,4000,0.0803,1.000,-0.0486,0.60
356,es_step,4000,0.0826,0.969,-0.0484,2.46
357,replay,4000,0.2288,1.000,-0.0482,0.60
358,es_step,4000,0.0949,1.000,-0.0481,2.46
359,replay,4000,0.1516,1.000,-0.0483,0.60
360,replay,4000,0.2120,1.000,-0.0486,0.60
361,replay,4000,0.0968,1.000,-0.0490,0.60
362,replay,4000,0.2434,1.000,-0.0488,0.59
363,replay,4000,0.2393,1.000,-0.0489,0.60
364,es_step,4000,0.0636,1.000,-0.0488,2.47
365,es_step,4000,0.0694,1.000,-0.0488,2.47
366,replay,4000,0.0544,1.000,-0.0495,0.60
367,replay,4000,-0.0191,1.000,-0.0502,0.59
368,replay,4000,0.0131,1.000,-0.0506,0.60
369,replay,4000,-0.0238,1.000,-0.0506,0.59
370,replay,4000,0.2920,1.000,-0.0506,0.60
371,replay,4000,0.1731,1.000,-0.0506,0.60
372,replay,4000,0.1570,1.000,-0.0509,0.60
373,replay,4000,0.1523,1.000,-0.0509,0.59
374,replay,4000,0.1805,1.000,-0.0510,0.59
375,replay,4000,0.2319,1.000,-0.0511,0.59
376,es_step,4000,0.0957,1.000,-0.0503,2.46
377,replay,4000,0.0503,1.000,-0.0509,0.60
378,replay,4000,0.2698,1.000,-0.0510,0.60
379,es_step,4000,0.0620,0.969,-0.0508,2.46
380,replay,4000,0.2036,1.000,-0.0505,0.60
381,replay,4000,0.1082,1.000,-0.0506,0.59
382,replay,4000,0.1046,1.000,-0.0511,0.60
383,replay,4000,0.0577,1.000,-0.0515,0.60
384,replay,4000,0.0736,1.000,-0.0517,0.59
385,es_step,4000,0.0790,1.000,-0.0516,2.47
386,replay,4000,0.3113,1.000,-0.0516,0.60
387,replay,4000,0.2773,1.000,-0.0520,0.60
388,replay,4000,0.1751,1.000,-0.0522,0.60
389,replay,4000,0.0010,1.000,-0.0521,0.60
390,replay,4000,0.1578,1.000,-0.0520,0.60
391,replay,4000,0.2010,1.000,-0.0520,0.60
392,replay,4000,0.1444,1.000,-0.0523,0.60
393,replay,4000,0.3000,1.000,-0.0520,0.60
394,replay,4000,0.0780,1.000,-0.0527,0.60
395,es_step,4000,0.1004,0.969,-0.0521,2.47
396,replay,4000,0.2286,1.000,-0.0524,0.60
397,replay,4000,0.0521,1.000,-0.0530,0.60
398,replay,4000,0.1548,1.000,-0.0533,0.60
399,replay,4000,0.2208,1.000,-0.0536,0.60
400,es_step,4000,0.0876,1.000,-0.0534,2.46
401,replay,4000,0.0356,1.000,-0.0540,0.60
402,replay,4000,0.2112,1.000,-0.0540,1.24
403,replay,4000,0.1537,1.000,-0.0541,0.60
404,replay,4000,0.2719,1.000,-0.0541,0.60
405,replay,4000,0.0500,1.000,-0.0543,0.60
406,replay,4000,0.1094,1.000,-0.0545,0.60
407,es_step,4000,0.0253,1.000,-0.0544,2.46
408,replay,4000,0.2504,1.000,-0.0545,0.60
409,replay,4000,0.2382,1.000,-0.0543,0.59
410,replay,4000,0.0882,1.000,-0.0543,0.60
411,replay,4000,0.1284,1.000,-0.0546,0.59
412,replay,4000,0.2626,1.000,-0.0546,0.60
413,replay,4000,0.2890,1.000,-0.0547,0.60
414,replay,4000,0.0971,1.000,-0.0554,0.60
415,replay,4000,0.0690,1.000,-0.0561,0.59
416,replay,4000,0.2072,1.000,-0.0562,0.60
417,replay,4000,0.2188,1.000,-0.0559,0.60
418,replay,4000,0.1298,1.000,-0.0565,0.60
419,replay,4000,0.0508,1.000,-0.0571,0.60
420,replay,4000,0.1313,1.000,-0.0573,0.60
421,replay,4000,0.0714,1.000,-0.0575,0.60
422,es_step,4000,0.0378,1.000,-0.0574,2.46
423,replay,4000,0.1224,1.000,-0.0576,0.60
424,es_step,4000,0.0427,1.000,-0.0575,2.46
425,replay,4000,0.2449,1.000,-0.0574,0.60
426,replay,4000,0.2036,1.000,-0.0578,0.60
427,replay,4000,0.0215,1.000,-0.0583,0.60
428,replay,4000,0.0455,1.000,-0.0587,0.60
429,replay,4000,0.1005,1.000,-0.0584,0.60
430,replay,4000,0.0819,1.000,-0.0582,0.60
431,replay,4000,0.3809,1.000,-0.0581,0.60
432,replay,4000,0.0970,1.000,-0.0584,0.60
433,replay,4000,0.2329,1.000,-0.0585,0.60
434,replay,4000,-0.0484,1.000,-0.0588,0.60
435,replay,4000,0.1271,1.000,-0.0589,0.60
436,replay,4000,0.3417,1.000,-0.0588,0.60
437,es_step,4000,0.0946,1.000,-0.0582,2.46
438,replay,4000,0.2044,1.000,-0.0586,0.60
439,es_step,4000,0.0868,1.000,-0.0573,2.46
440,replay,4000,0.2471,1.000,-0.0576,0.60
441,replay,4000,0.2343,1.000,-0.0578,0.60
442,es_step,4000,0.0712,1.000,-0.0570,2.47
443,replay,4000,0.2794,1.000,-0.0569,0.60
444,replay,4000,0.1423,1.000,-0.0572,0.60
445,replay,4000,0.2043,1.000,-0.0573,0.60
446,es_step,4000,0.0402,1.000,-0.0571,2.46
447,replay,4000,0.1662,1.000,-0.0570,0.60
448,replay,4000,-0.2056,1.000,-0.0581,0.60
449,replay,4000,0.1205,1.000,-0.0584,0.60
450,replay,4000,0.0719,1.000,-0.0586,0.60
451,es_step,4000,0.0543,1.000,-0.0586,2.47
452,replay,4000,0.1384,1.000,-0.0588,0.60
453,replay,4000,0.0453,1.000,-0.0592,0.60
454,replay,4000,0.0633,1.000,-0.0595,0.60
455,replay,4000,0.2514,1.000,-0.0595,0.60
456,es_step,4000,0.0794,1.000,-0.0594,2.46
457,replay,4000,0.2361,1.000,-0.0595,0.60
458,replay,4000,0.1313,1.000,-0.0598,0.60
459,replay,4000,0.0727,1.000,-0.0601,0.60
460,replay,4000,0.0794,1.000,-0.0602,0.60
461,replay,4000,0.1121,1.000,-0.0604,0.60
462,es_step,4000,0.0443,1.000,-0.0603,2.46
463,replay,4000,0.0875,1.000,-0.0607,0.60
464,replay,4000,0.2396,1.000,-0.0605,0.60
465,es_step,4000,0.0410,0.938,-0.0604,2.46
466,replay,4000,0.1517,1.000,-0.0605,0.60
467,replay,4000,0.1237,1.000,-0.0609,0.60
468,replay,4000,0.1782,1.000,-0.0611,0.60
469,replay,4000,0.1369,1.000,-0.0611,0.60
470,replay,4000,0.1242,1.000,-0.0614,0.60
471,replay,4000,0.1836,1.000,-0.0614,0.60
472,replay,4000,0.2854,1.000,-0.0613,0.60
473,replay,4000,0.0846,1.000,-0.0617,0.60
474,replay,4000,-0.1554,1.000,-0.0622,0.60
475,replay,4000,0.2051,1.000,-0.0624,0.59
476,replay,4000,0.1640,1.000,-0.0624,0.59
477,es_step,4000,0.0251,0.906,-0.0623,2.47
478,es_step,4000,0.0444,0.969,-0.0623,2.47
479,replay,4000,0.0711,1.000,-0.0626,0.60
480,replay,4000,-0.1997,1.000,-0.0631,0.59
481,replay,4000,0.1593,1.000,-0.0629,0.59
482,replay,4000,0.1152,1.000,-0.0627,0.59
483,replay,4000,0.1815,1.000,-0.0627,0.59
484,es_step,4000,0.0992,1.000,-0.0617,2.46
485,replay,4000,0.3258,1.000,-0.0617,0.60
486,replay,4000,0.1925,1.000,-0.0614,0.59
487,replay,4000,0.0706,1.000,-0.0617,0.60
488,replay,4000,0.2583,1.000,-0.0620,0.59
489,replay,4000,0.1881,1.000,-0.0622,0.60
490,es_step,4000,0.1083,1.000,-0.0612,2.46
491,replay,4000,0.1540,1.000,-0.0615,0.60
492,replay,4000,0.1978,1.000,-0.0616,0.60
493,replay,4000,0.2110,1.000,-0.0615,0.60
494,replay,4000,0.1145,1.000,-0.0619,0.60
495,replay,4000,0.1092,1.000,-0.0621,0.60
496,replay,4000,-0.0491,1.000,-0.0625,0.60
497,replay,4000,0.1627,1.000,-0.0626,0.60
498,replay,4000,0.2908,1.000,-0.0625,0.60
499,replay,4000,0.1179,1.000,-0.0629,0.60
