step,train/agent,train/agent_acc_masked,train/code_perplexity,train/goal,train/goal_acc_masked,train/jepa,train/mean_mask_fraction,train/num_active_codes,train/sigreg,train/total,train/wall,train/wall_acc_masked,val/agent,val/agent_acc_masked,val/code_perplexity,val/goal,val/goal_acc_masked,val/jepa,val/mean_mask_fraction,val/num_active_codes,val/sigreg,val/total,val/wall,val/wall_acc_masked
1.0,5.118158340454102,0.0,15.986555099487305,5.1210174560546875,0.0,0.8405663967132568,0.18934911489486694,16.0,0.3076176643371582,3.643486976623535,0.6935620307922363,0.49658203125,5.133507817983627,0.0,15.984317123889923,5.132912129163742,0.005155724007636309,0.6380292549729347,0.18934911489486694,16.0,0.30118184722959995,3.4436031579971313,0.6920535266399384,0.52801513671875
250.0,5.012599468231201,0.0,11.680173873901367,4.958614349365234,0.0,0.008471006527543068,0.18934911489486694,9.0,0.3021506369113922,2.439103364944458,0.3759595453739166,0.8681640625,4.9988314509391785,0.011153846280649304,11.713028073310852,4.9946401715278625,0.013169975252822042,0.00988063495606184,0.18934911489486694,9.0,0.3034084942191839,2.4667500108480453,0.39749329537153244,0.855255126953125
500.0,5.015873432159424,0.0,7.533094882965088,4.982975482940674,0.0,0.023836439475417137,0.18934911489486694,5.0,0.29517072439193726,2.4797799587249756,0.3971395790576935,0.8505859375,4.997175604104996,0.00572916679084301,5.806863248348236,4.992478936910629,0.0024038462433964014,0.021619291976094246,0.18934911489486694,4.0625,0.30119827203452587,2.468289941549301,0.38850003480911255,0.8542022705078125
750.0,4.98828649520874,0.0,6.853240489959717,4.97235631942749,0.0,0.005600871983915567,0.18934911489486694,7.0,0.30928313732147217,2.4182069301605225,0.35862064361572266,0.869873046875,4.98427540063858,0.0027173913549631834,6.898736149072647,4.984091192483902,0.00463598920032382,0.0060966187447775155,0.18934911489486694,6.5625,0.3016813453286886,2.4414615780115128,0.3813553359359503,0.8562164306640625
1000.0,4.896252632141113,0.0357142873108387,5.052081108093262,4.966998100280762,0.0,0.016691116616129875,0.18934911489486694,4.0,0.28302228450775146,2.3875515460968018,0.3416058421134949,0.879150390625,4.919493675231934,0.010425724787637591,4.972628176212311,4.926167368888855,0.0024999999441206455,0.017672647023573518,0.18934911489486694,4.0,0.2930450588464737,2.432015508413315,0.3866016026586294,0.8570556640625
1250.0,4.77515983581543,0.043478261679410934,11.166610717773438,4.771279335021973,0.0,0.16801351308822632,0.18934911489486694,9.0,0.3010578155517578,2.51119327545166,0.3736801743507385,0.859619140625,4.747514426708221,0.026076150708831847,10.941130697727203,4.7701636254787445,0.012351447716355324,0.17644822970032692,0.18934911489486694,9.125,0.29743773117661476,2.5294766575098038,0.39000523276627064,0.8524932861328125
1500.0,4.556178569793701,0.06896551698446274,7.241808891296387,4.581578254699707,0.043478261679410934,0.0229738000780344,0.18934911489486694,8.0,0.28834667801856995,2.2585675716400146,0.350372850894928,0.875244140625,4.677905797958374,0.010895293904468417,8.025860965251923,4.674764722585678,0.0024999999441206455,0.02478976605925709,0.18934911489486694,9.625,0.2934262529015541,2.3400036096572876,0.38599447160959244,0.8569793701171875
1750.0,4.415302276611328,0.03703703731298447,8.68316650390625,4.414618968963623,0.0,0.013206378556787968,0.18934911489486694,10.0,0.294814795255661,2.2211756706237793,0.3830220103263855,0.854736328125,4.49477618932724,0.014629469020292163,8.716009497642517,4.442898064851761,0.013328169006854296,0.013934450107626617,0.18934911489486694,10.0625,0.2860709261149168,2.251823514699936,0.3931400254368782,0.8513946533203125
2000.0,4.258057594299316,0.0,6.916820049285889,4.308895587921143,0.0476190485060215,0.015264365822076797,0.18934911489486694,7.0,0.27826762199401855,2.1776928901672363,0.39338424801826477,0.852783203125,4.241946160793304,0.01651609316468239,7.911089837551117,4.283514618873596,0.029996184865012765,0.015243782894685864,0.18934911489486694,7.0,0.28674776665866375,2.1710760593414307,0.39339051209390163,0.8526153564453125
2250.0,3.933354377746582,0.04545454680919647,6.558144569396973,3.971834659576416,0.03030303120613098,0.007135234773159027,0.18934911489486694,8.0,0.281680166721344,2.01841402053833,0.373904824256897,0.865966796875,4.00461907684803,0.024733350845053792,7.14518940448761,4.052824974060059,0.028257532161660492,0.007321781828068197,0.18934911489486694,8.375,0.28395202942192554,2.0674921050667763,0.3918910566717386,0.8535919189453125
2500.0,4.097030162811279,0.0,6.212322235107422,3.852304458618164,0.0,0.005710286553949118,0.18934911489486694,6.0,0.2829653024673462,2.034745454788208,0.38257506489753723,0.861328125,3.9348083287477493,0.01265786774456501,7.218056470155716,3.9581020921468735,0.027480079792439938,0.0058023260498885065,0.18934911489486694,7.6875,0.28623867966234684,2.029251217842102,0.38761904276907444,0.855255126953125
2750.0,3.947545051574707,0.0,8.456925392150879,4.014907360076904,0.0833333358168602,0.006431864574551582,0.18934911489486694,10.0,0.28756824135780334,2.0900514125823975,0.4336153566837311,0.83349609375,3.9250511080026627,0.022181677632033825,7.8718401491642,3.8902274668216705,0.02426257263869047,0.006290413119131699,0.18934911489486694,10.375,0.28388157300651073,2.0145901665091515,0.38846774958074093,0.8556365966796875
3000.0,3.61240816116333,0.1111111119389534,9.502867698669434,3.863548517227173,0.07999999821186066,0.0060180374421179295,0.18934911489486694,10.0,0.28085699677467346,1.9677389860153198,0.410358190536499,0.841552734375,3.8836147785186768,0.02384491916745901,9.476174652576447,3.90181802213192,0.02008255058899522,0.0054609738872386515,0.18934911489486694,10.5625,0.2787935771048069,2.008013814687729,0.3897075317800045,0.8531341552734375
3250.0,3.7249608039855957,0.0,7.915324687957764,3.857037305831909,0.0,0.004413560498505831,0.18934911489486694,11.0,0.27538007497787476,1.9724946022033691,0.3966054320335388,0.851806640625,3.8385810405015945,0.03292880207300186,7.740864127874374,3.8602501153945923,0.02307637082412839,0.004738523653941229,0.18934911489486694,9.9375,0.2821322623640299,1.9885163456201553,0.3875851295888424,0.8555145263671875
3500.0,3.7858691215515137,0.0,5.672730445861816,3.775630235671997,0.0,0.00468333950266242,0.18934911489486694,5.0,0.28884583711624146,1.9759800434112549,0.401227742433548,0.845458984375,3.833602696657181,0.0232506082393229,5.146096736192703,3.7839918583631516,0.022827077191323042,0.004787276004208252,0.18934911489486694,4.375,0.28013050742447376,1.9714952632784843,0.38716294057667255,0.856292724609375
3750.0,3.704460859298706,0.0,3.410698652267456,3.645609140396118,0.0,0.00446539418771863,0.18934911489486694,3.0,0.2857142984867096,1.89375901222229,0.36213672161102295,0.86572265625,3.754996508359909,0.049470278434455395,3.2488508224487305,3.7442282140254974,0.030148813035339117,0.004610797332134098,0.18934911489486694,2.6875,0.2841098699718714,1.952307365834713,0.3910296428948641,0.8549346923828125
4000.0,3.7503020763397217,0.03999999910593033,2.904130697250366,3.63057017326355,0.07999999821186066,0.0036672079004347324,0.18934911489486694,2.0,0.2769870162010193,1.9356614351272583,0.4004223048686981,0.8515625,3.735613599419594,0.022573925321921706,3.1969368010759354,3.7076601833105087,0.02623828430660069,0.004099474579561502,0.18934911489486694,2.0,0.27899228036403656,1.9360073581337929,0.38745464757084846,0.85516357421875
4250.0,3.6002237796783447,0.0,5.099464416503906,3.6236989498138428,0.0,0.004096528980880976,0.18934911489486694,3.0,0.2816970646381378,1.88045334815979,0.37523290514945984,0.862548828125,3.6779113858938217,0.044711196795105934,4.785038352012634,3.70082089304924,0.03796147205866873,0.003835078066913411,0.18934911489486694,3.0625,0.2766081690788269,1.9266214296221733,0.3917182385921478,0.8535003662109375
4500.0,3.6673166751861572,0.0,3.3905999660491943,3.839688539505005,0.0,0.003217519260942936,0.18934911489486694,3.0,0.2925448715686798,1.9316526651382446,0.36852511763572693,0.86865234375,3.6845424324274063,0.03895115223713219,3.3186426013708115,3.6484892666339874,0.038686210522428155,0.0036113536334596574,0.18934911489486694,3.0,0.2783761378377676,1.911389134824276,0.385496161878109,0.8571014404296875
4750.0,3.607945442199707,0.03999999910593033,4.953654766082764,3.8103718757629395,0.0,0.003330991603434086,0.18934911489486694,4.0,0.2796074450016022,1.913457989692688,0.37054210901260376,0.8642578125,3.60957233607769,0.024354528868570924,4.1701979637146,3.6428432166576385,0.028829397168010473,0.0034590105642564595,0.18934911489486694,3.0625,0.27974623441696167,1.899375893175602,0.38948449678719044,0.8541259765625
5000.0,3.647352933883667,0.0,7.422319412231445,3.4564692974090576,0.043478261679410934,0.0028565102256834507,0.18934911489486694,8.0,0.26384884119033813,1.8527321815490723,0.3763413429260254,0.86181640625,3.5792881846427917,0.05393269972410053,6.985477894544601,3.6165956407785416,0.031297869980335236,0.0032820282503962517,0.18934911489486694,7.5,0.28273462504148483,1.8934290334582329,0.3944232929497957,0.85137939453125
